Interval,Sample #,Date/Time,Light/Dark,Start Time,End Time,Duration (s),Weight (g),Accumulated (g),
1,1,1/26/2016 4:58:14 PM,Light,1/26/2016 4:57:49 PM,1/26/2016 4:58:04 PM,15,0.04,0.04,
1,2,1/26/2016 5:00:42 PM,Light,1/26/2016 5:00:26 PM,1/26/2016 5:00:31 PM,5,-0.04,0.00,
3,3,1/26/2016 5:47:15 PM,Light,1/26/2016 5:46:59 PM,1/26/2016 5:47:04 PM,5,0.13,0.13,
3,4,1/26/2016 5:56:57 PM,Light,1/26/2016 5:56:38 PM,1/26/2016 5:56:47 PM,9,-0.03,0.09,
3,5,1/26/2016 6:00:38 PM,Light,1/26/2016 6:00:09 PM,1/26/2016 6:00:28 PM,19,-0.05,0.04,
4,6,1/26/2016 6:08:57 PM,Light,1/26/2016 6:08:20 PM,1/26/2016 6:08:47 PM,27,-0.04,0.00,
4,7,1/26/2016 6:11:03 PM,Light,1/26/2016 6:10:47 PM,1/26/2016 6:10:52 PM,5,0.06,0.05,
5,8,1/26/2016 6:28:21 PM,Light,1/26/2016 6:27:42 PM,1/26/2016 6:28:10 PM,28,0.05,0.11,
5,9,1/26/2016 6:40:15 PM,Light,1/26/2016 6:39:59 PM,1/26/2016 6:40:04 PM,5,0.05,0.16,
5,10,1/26/2016 6:46:06 PM,Light,1/26/2016 6:45:35 PM,1/26/2016 6:45:55 PM,20,-0.06,0.09,
6,11,1/26/2016 6:55:38 PM,Dark,1/26/2016 6:54:39 PM,1/26/2016 6:55:28 PM,49,0.03,0.13,
7,12,1/26/2016 7:30:58 PM,Dark,1/26/2016 7:30:29 PM,1/26/2016 7:30:48 PM,19,0.04,0.17,
8,13,1/26/2016 7:42:05 PM,Dark,1/26/2016 7:40:05 PM,1/26/2016 7:41:55 PM,110,0.03,0.20,
8,14,1/26/2016 7:45:00 PM,Dark,1/26/2016 7:44:26 PM,1/26/2016 7:44:49 PM,23,-0.04,0.16,
10,15,1/26/2016 8:31:56 PM,Dark,1/26/2016 8:30:43 PM,1/26/2016 8:31:45 PM,62,0.07,0.23,
10,16,1/26/2016 8:36:49 PM,Dark,1/26/2016 8:35:32 PM,1/26/2016 8:36:38 PM,66,0.07,0.30,
10,17,1/26/2016 8:38:24 PM,Dark,1/26/2016 8:38:07 PM,1/26/2016 8:38:13 PM,6,-0.05,0.25,
11,18,1/26/2016 8:47:48 PM,Dark,1/26/2016 8:47:23 PM,1/26/2016 8:47:38 PM,15,-0.03,0.21,
11,19,1/26/2016 8:52:38 PM,Dark,1/26/2016 8:51:44 PM,1/26/2016 8:52:28 PM,44,0.06,0.27,
11,20,1/26/2016 8:55:14 PM,Dark,1/26/2016 8:54:40 PM,1/26/2016 8:55:04 PM,24,0.04,0.32,
12,21,1/26/2016 9:06:38 PM,Dark,1/26/2016 9:06:17 PM,1/26/2016 9:06:27 PM,10,-0.08,0.24,
13,22,1/26/2016 9:24:15 PM,Dark,1/26/2016 9:23:56 PM,1/26/2016 9:24:05 PM,9,0.06,0.30,
14,23,1/26/2016 9:50:12 PM,Dark,1/26/2016 9:49:57 PM,1/26/2016 9:50:02 PM,5,0.10,0.40,
14,24,1/26/2016 9:52:40 PM,Dark,1/26/2016 9:52:17 PM,1/26/2016 9:52:30 PM,13,-0.08,0.32,
14,25,1/26/2016 9:59:56 PM,Dark,1/26/2016 9:59:39 PM,1/26/2016 9:59:45 PM,6,0.04,0.36,
15,26,1/26/2016 10:09:27 PM,Dark,1/26/2016 10:08:41 PM,1/26/2016 10:09:16 PM,35,-0.03,0.32,
17,27,1/26/2016 10:52:04 PM,Dark,1/26/2016 10:51:47 PM,1/26/2016 10:51:54 PM,7,0.17,0.49,
17,28,1/26/2016 10:52:46 PM,Dark,1/26/2016 10:52:33 PM,1/26/2016 10:52:36 PM,3,-0.16,0.33,
17,29,1/26/2016 10:54:44 PM,Dark,1/26/2016 10:53:17 PM,1/26/2016 10:54:34 PM,77,0.07,0.40,
17,30,1/26/2016 10:57:12 PM,Dark,1/26/2016 10:56:50 PM,1/26/2016 10:57:02 PM,12,-0.04,0.37,
17,31,1/26/2016 11:14:28 PM,Dark,1/26/2016 11:12:43 PM,1/26/2016 11:14:18 PM,95,0.09,0.46,
18,32,1/26/2016 11:25:51 PM,Dark,1/26/2016 11:25:36 PM,1/26/2016 11:25:41 PM,5,0.07,0.53,
18,33,1/26/2016 11:29:01 PM,Dark,1/26/2016 11:28:45 PM,1/26/2016 11:28:50 PM,5,-0.06,0.47,
18,34,1/26/2016 11:31:58 PM,Dark,1/26/2016 11:31:34 PM,1/26/2016 11:31:48 PM,14,-0.05,0.42,
18,35,1/26/2016 11:33:57 PM,Dark,1/26/2016 11:33:42 PM,1/26/2016 11:33:47 PM,5,0.05,0.47,
19,36,1/26/2016 11:45:14 PM,Dark,1/26/2016 11:44:58 PM,1/26/2016 11:45:03 PM,5,0.05,0.52,
19,37,1/26/2016 11:45:47 PM,Dark,1/26/2016 11:45:14 PM,1/26/2016 11:45:36 PM,22,-0.07,0.44,
19,38,1/26/2016 11:49:08 PM,Dark,1/26/2016 11:48:39 PM,1/26/2016 11:48:58 PM,19,0.07,0.51,
19,39,1/26/2016 11:49:40 PM,Dark,1/26/2016 11:49:12 PM,1/26/2016 11:49:29 PM,17,-0.05,0.46,
20,40,1/26/2016 11:58:53 PM,Dark,1/26/2016 11:57:55 PM,1/26/2016 11:58:43 PM,48,0.07,0.53,
20,41,1/27/2016 12:15:22 AM,Dark,1/27/2016 12:15:02 AM,1/27/2016 12:15:11 AM,9,-0.06,0.47,
20,42,1/27/2016 12:17:41 AM,Dark,1/27/2016 12:17:23 AM,1/27/2016 12:17:30 AM,7,0.04,0.51,
21,43,1/27/2016 12:27:48 AM,Dark,1/27/2016 12:24:28 AM,1/27/2016 12:27:38 AM,190,0.03,0.54,
21,44,1/27/2016 12:39:50 AM,Dark,1/27/2016 12:39:21 AM,1/27/2016 12:39:39 AM,18,0.09,0.63,
21,45,1/27/2016 12:41:24 AM,Dark,1/27/2016 12:40:41 AM,1/27/2016 12:41:13 AM,32,-0.12,0.51,
22,46,1/27/2016 12:56:14 AM,Dark,1/27/2016 12:55:56 AM,1/27/2016 12:56:04 AM,8,0.05,0.55,
22,47,1/27/2016 12:59:43 AM,Dark,1/27/2016 12:57:50 AM,1/27/2016 12:59:32 AM,102,0.04,0.60,
23,48,1/27/2016 1:23:53 AM,Dark,1/27/2016 1:23:28 AM,1/27/2016 1:23:42 AM,14,0.05,0.65,
23,49,1/27/2016 1:24:41 AM,Dark,1/27/2016 1:24:26 AM,1/27/2016 1:24:31 AM,5,0.05,0.70,
23,50,1/27/2016 1:26:09 AM,Dark,1/27/2016 1:25:51 AM,1/27/2016 1:25:59 AM,8,-0.08,0.62,
24,51,1/27/2016 1:33:25 AM,Dark,1/27/2016 1:29:20 AM,1/27/2016 1:33:15 AM,235,0.04,0.65,
24,52,1/27/2016 1:47:20 AM,Dark,1/27/2016 1:46:32 AM,1/27/2016 1:47:09 AM,37,0.03,0.68,
25,53,1/27/2016 1:50:55 AM,Dark,1/27/2016 1:49:45 AM,1/27/2016 1:50:44 AM,59,0.04,0.72,
25,54,1/27/2016 2:00:05 AM,Dark,1/27/2016 1:59:25 AM,1/27/2016 1:59:54 AM,29,-0.03,0.69,
25,55,1/27/2016 2:08:15 AM,Dark,1/27/2016 2:08:02 AM,1/27/2016 2:08:05 AM,3,-0.06,0.64,
26,56,1/27/2016 2:14:56 AM,Dark,1/27/2016 2:12:18 AM,1/27/2016 2:14:45 AM,147,0.10,0.74,
26,57,1/27/2016 2:21:58 AM,Dark,1/27/2016 2:16:48 AM,1/27/2016 2:21:47 AM,299,0.23,0.97,
26,58,1/27/2016 2:24:56 AM,Dark,1/27/2016 2:24:40 AM,1/27/2016 2:24:45 AM,5,0.05,1.02,
26,59,1/27/2016 2:26:01 AM,Dark,1/27/2016 2:25:36 AM,1/27/2016 2:25:50 AM,14,-0.04,0.97,
26,60,1/27/2016 2:32:38 AM,Dark,1/27/2016 2:32:14 AM,1/27/2016 2:32:28 AM,14,0.07,1.05,
26,61,1/27/2016 2:33:16 AM,Dark,1/27/2016 2:33:04 AM,1/27/2016 2:33:06 AM,2,-0.06,0.99,
27,62,1/27/2016 2:45:34 AM,Dark,1/27/2016 2:45:18 AM,1/27/2016 2:45:23 AM,5,-0.06,0.93,
27,63,1/27/2016 2:47:19 AM,Dark,1/27/2016 2:46:35 AM,1/27/2016 2:47:09 AM,34,0.07,1.00,
27,64,1/27/2016 2:51:33 AM,Dark,1/27/2016 2:51:17 AM,1/27/2016 2:51:22 AM,5,-0.07,0.93,
27,65,1/27/2016 2:54:14 AM,Dark,1/27/2016 2:51:34 AM,1/27/2016 2:54:03 AM,149,0.11,1.04,
28,66,1/27/2016 3:00:28 AM,Dark,1/27/2016 3:00:05 AM,1/27/2016 3:00:17 AM,12,0.04,1.08,
28,67,1/27/2016 3:09:03 AM,Dark,1/27/2016 3:08:32 AM,1/27/2016 3:08:53 AM,21,-0.04,1.04,
29,68,1/27/2016 3:29:06 AM,Dark,1/27/2016 3:28:50 AM,1/27/2016 3:28:55 AM,5,-0.03,1.01,
29,69,1/27/2016 3:40:52 AM,Dark,1/27/2016 3:40:19 AM,1/27/2016 3:40:41 AM,22,0.04,1.05,
29,70,1/27/2016 3:42:04 AM,Dark,1/27/2016 3:41:05 AM,1/27/2016 3:41:53 AM,48,-0.09,0.96,
30,71,1/27/2016 3:43:16 AM,Dark,1/27/2016 3:42:55 AM,1/27/2016 3:43:05 AM,10,0.08,1.03,
30,72,1/27/2016 3:45:54 AM,Dark,1/27/2016 3:45:32 AM,1/27/2016 3:45:43 AM,11,0.05,1.09,
30,73,1/27/2016 3:52:19 AM,Dark,1/27/2016 3:51:54 AM,1/27/2016 3:52:08 AM,14,-0.04,1.05,
30,74,1/27/2016 3:56:23 AM,Dark,1/27/2016 3:56:07 AM,1/27/2016 3:56:13 AM,6,0.05,1.10,
30,75,1/27/2016 3:58:24 AM,Dark,1/27/2016 3:58:10 AM,1/27/2016 3:58:13 AM,3,0.04,1.13,
31,76,1/27/2016 4:08:29 AM,Dark,1/27/2016 4:08:11 AM,1/27/2016 4:08:18 AM,7,-0.04,1.09,
32,77,1/27/2016 4:27:16 AM,Dark,1/27/2016 4:27:00 AM,1/27/2016 4:27:05 AM,5,-0.07,1.03,
32,78,1/27/2016 4:32:05 AM,Dark,1/27/2016 4:31:50 AM,1/27/2016 4:31:55 AM,5,0.07,1.09,
32,79,1/27/2016 4:45:05 AM,Dark,1/27/2016 4:44:38 AM,1/27/2016 4:44:54 AM,16,-0.03,1.06,
33,80,1/27/2016 5:03:31 AM,Dark,1/27/2016 5:03:12 AM,1/27/2016 5:03:21 AM,9,0.04,1.10,
33,81,1/27/2016 5:06:23 AM,Dark,1/27/2016 5:05:21 AM,1/27/2016 5:06:13 AM,52,0.04,1.14,
34,82,1/27/2016 5:29:50 AM,Dark,1/27/2016 5:29:27 AM,1/27/2016 5:29:40 AM,13,-0.03,1.11,
34,83,1/27/2016 5:31:02 AM,Dark,1/27/2016 5:30:43 AM,1/27/2016 5:30:52 AM,9,0.03,1.14,
35,84,1/27/2016 5:35:09 AM,Dark,1/27/2016 5:34:20 AM,1/27/2016 5:34:58 AM,38,0.03,1.17,
36,85,1/27/2016 6:01:24 AM,Dark,1/27/2016 6:01:08 AM,1/27/2016 6:01:13 AM,5,-0.06,1.11,
36,86,1/27/2016 6:10:03 AM,Dark,1/27/2016 6:09:46 AM,1/27/2016 6:09:52 AM,6,0.05,1.16,
39,87,1/27/2016 7:21:00 AM,Light,1/27/2016 7:20:46 AM,1/27/2016 7:20:50 AM,4,0.05,1.21,
42,88,1/27/2016 8:32:07 AM,Light,1/27/2016 8:31:50 AM,1/27/2016 8:31:56 AM,6,-0.07,1.14,
43,89,1/27/2016 8:41:12 AM,Light,1/27/2016 8:40:53 AM,1/27/2016 8:41:01 AM,8,0.06,1.19,
43,90,1/27/2016 8:44:02 AM,Light,1/27/2016 8:43:42 AM,1/27/2016 8:43:51 AM,9,0.10,1.29,
43,91,1/27/2016 8:45:10 AM,Light,1/27/2016 8:44:54 AM,1/27/2016 8:44:59 AM,5,-0.07,1.23,
43,92,1/27/2016 8:52:49 AM,Light,1/27/2016 8:51:35 AM,1/27/2016 8:52:38 AM,63,0.09,1.31,
44,93,1/27/2016 8:58:15 AM,Light,1/27/2016 8:57:51 AM,1/27/2016 8:58:04 AM,13,-0.05,1.26,
44,94,1/27/2016 9:07:13 AM,Light,1/27/2016 9:06:57 AM,1/27/2016 9:07:02 AM,5,0.05,1.31,
47,95,1/27/2016 10:21:55 AM,Light,1/27/2016 10:20:48 AM,1/27/2016 10:21:44 AM,56,0.07,1.38,
50,96,1/27/2016 11:27:46 AM,Light,1/27/2016 11:26:22 AM,1/27/2016 11:27:35 AM,73,0.07,1.45,
51,97,1/27/2016 11:38:16 AM,Light,1/27/2016 11:37:58 AM,1/27/2016 11:38:05 AM,7,0.04,1.49,
53,98,1/27/2016 12:21:31 PM,Light,1/27/2016 12:21:11 PM,1/27/2016 12:21:21 PM,10,-0.04,1.45,
54,99,1/27/2016 12:41:06 PM,Light,1/27/2016 12:39:59 PM,1/27/2016 12:40:56 PM,57,0.04,1.49,
54,100,1/27/2016 12:42:31 PM,Light,1/27/2016 12:41:39 PM,1/27/2016 12:42:19 PM,40,0.06,1.55,
57,101,1/27/2016 1:46:36 PM,Light,1/27/2016 1:45:40 PM,1/27/2016 1:46:25 PM,45,0.03,1.58,
60,102,1/27/2016 2:57:59 PM,Light,1/27/2016 2:57:42 PM,1/27/2016 2:57:48 PM,6,0.05,1.63,
62,103,1/27/2016 3:41:39 PM,Light,1/27/2016 3:41:24 PM,1/27/2016 3:41:28 PM,4,-0.03,1.60,
63,104,1/27/2016 3:59:11 PM,Light,1/27/2016 3:58:57 PM,1/27/2016 3:59:01 PM,4,0.03,1.63,
65,105,1/27/2016 4:51:35 PM,Light,1/27/2016 4:51:19 PM,1/27/2016 4:51:25 PM,6,0.03,1.66,
65,106,1/27/2016 5:01:47 PM,Light,1/27/2016 5:00:16 PM,1/27/2016 5:01:36 PM,80,0.07,1.74,
66,107,1/27/2016 5:08:23 PM,Light,1/27/2016 5:08:09 PM,1/27/2016 5:08:13 PM,4,-0.06,1.68,
67,108,1/27/2016 5:37:45 PM,Light,1/27/2016 5:37:28 PM,1/27/2016 5:37:35 PM,7,0.04,1.72,
68,109,1/27/2016 5:51:28 PM,Light,1/27/2016 5:51:07 PM,1/27/2016 5:51:18 PM,11,0.06,1.77,
68,110,1/27/2016 5:55:38 PM,Light,1/27/2016 5:55:23 PM,1/27/2016 5:55:28 PM,5,-0.05,1.73,
68,111,1/27/2016 5:57:22 PM,Light,1/27/2016 5:56:58 PM,1/27/2016 5:57:11 PM,13,0.03,1.76,
68,112,1/27/2016 5:58:44 PM,Light,1/27/2016 5:58:19 PM,1/27/2016 5:58:33 PM,14,-0.05,1.71,
68,113,1/27/2016 5:59:28 PM,Light,1/27/2016 5:58:44 PM,1/27/2016 5:59:17 PM,33,0.12,1.84,
68,114,1/27/2016 6:01:56 PM,Light,1/27/2016 6:01:39 PM,1/27/2016 6:01:45 PM,6,-0.09,1.75,
68,115,1/27/2016 6:08:21 PM,Light,1/27/2016 6:08:03 PM,1/27/2016 6:08:11 PM,8,-0.04,1.70,
68,116,1/27/2016 6:08:56 PM,Light,1/27/2016 6:08:35 PM,1/27/2016 6:08:45 PM,10,0.04,1.74,
69,117,1/27/2016 6:33:00 PM,Light,1/27/2016 6:30:51 PM,1/27/2016 6:32:49 PM,118,0.06,1.80,
70,118,1/27/2016 6:52:52 PM,Light,1/27/2016 6:51:59 PM,1/27/2016 6:52:41 PM,42,0.03,1.83,
71,119,1/27/2016 7:12:07 PM,Dark,1/27/2016 7:10:30 PM,1/27/2016 7:11:57 PM,87,0.10,1.93,
71,120,1/27/2016 7:15:51 PM,Dark,1/27/2016 7:15:31 PM,1/27/2016 7:15:40 PM,9,-0.14,1.79,
71,121,1/27/2016 7:16:26 PM,Dark,1/27/2016 7:15:53 PM,1/27/2016 7:16:15 PM,22,0.18,1.97,
72,122,1/27/2016 7:30:08 PM,Dark,1/27/2016 7:29:35 PM,1/27/2016 7:29:58 PM,23,-0.06,1.91,
74,123,1/27/2016 8:07:53 PM,Dark,1/27/2016 8:07:30 PM,1/27/2016 8:07:43 PM,13,-0.03,1.88,
74,124,1/27/2016 8:09:47 PM,Dark,1/27/2016 8:09:33 PM,1/27/2016 8:09:37 PM,4,0.04,1.92,
75,125,1/27/2016 8:29:51 PM,Dark,1/27/2016 8:28:09 PM,1/27/2016 8:29:41 PM,92,0.03,1.95,
76,126,1/27/2016 8:57:10 PM,Dark,1/27/2016 8:56:55 PM,1/27/2016 8:57:00 PM,5,0.05,2.00,
77,127,1/27/2016 9:28:57 PM,Dark,1/27/2016 9:26:46 PM,1/27/2016 9:28:47 PM,121,0.08,2.08,
78,128,1/27/2016 9:39:27 PM,Dark,1/27/2016 9:38:52 PM,1/27/2016 9:39:16 PM,24,0.04,2.11,
78,129,1/27/2016 9:44:33 PM,Dark,1/27/2016 9:44:09 PM,1/27/2016 9:44:22 PM,13,-0.12,1.99,
78,130,1/27/2016 9:45:44 PM,Dark,1/27/2016 9:45:10 PM,1/27/2016 9:45:34 PM,24,0.17,2.16,
78,131,1/27/2016 9:46:14 PM,Dark,1/27/2016 9:45:48 PM,1/27/2016 9:46:04 PM,16,-0.08,2.08,
78,132,1/27/2016 9:51:08 PM,Dark,1/27/2016 9:48:18 PM,1/27/2016 9:50:57 PM,159,0.10,2.18,
78,133,1/27/2016 9:52:48 PM,Dark,1/27/2016 9:52:32 PM,1/27/2016 9:52:38 PM,6,-0.04,2.14,
78,134,1/27/2016 9:53:36 PM,Dark,1/27/2016 9:52:49 PM,1/27/2016 9:53:25 PM,36,0.06,2.20,
79,135,1/27/2016 10:11:36 PM,Dark,1/27/2016 10:10:19 PM,1/27/2016 10:11:25 PM,66,0.09,2.29,
79,136,1/27/2016 10:16:32 PM,Dark,1/27/2016 10:16:07 PM,1/27/2016 10:16:21 PM,14,-0.04,2.25,
80,137,1/27/2016 10:24:59 PM,Dark,1/27/2016 10:23:27 PM,1/27/2016 10:24:49 PM,82,0.04,2.29,
80,138,1/27/2016 10:30:02 PM,Dark,1/27/2016 10:25:55 PM,1/27/2016 10:29:52 PM,237,0.06,2.35,
80,139,1/27/2016 10:31:42 PM,Dark,1/27/2016 10:30:18 PM,1/27/2016 10:31:31 PM,73,0.10,2.44,
80,140,1/27/2016 10:35:47 PM,Dark,1/27/2016 10:31:57 PM,1/27/2016 10:35:36 PM,219,-0.05,2.39,
80,141,1/27/2016 10:37:32 PM,Dark,1/27/2016 10:36:46 PM,1/27/2016 10:37:21 PM,35,0.04,2.43,
81,142,1/27/2016 10:42:56 PM,Dark,1/27/2016 10:42:16 PM,1/27/2016 10:42:45 PM,29,-0.05,2.38,
81,143,1/27/2016 10:51:18 PM,Dark,1/27/2016 10:50:11 PM,1/27/2016 10:51:08 PM,57,0.05,2.43,
82,144,1/27/2016 11:11:29 PM,Dark,1/27/2016 11:08:47 PM,1/27/2016 11:11:19 PM,152,0.07,2.50,
83,145,1/27/2016 11:31:32 PM,Dark,1/27/2016 11:31:18 PM,1/27/2016 11:31:22 PM,4,-0.06,2.44,
83,146,1/27/2016 11:34:25 PM,Dark,1/27/2016 11:33:42 PM,1/27/2016 11:34:15 PM,33,0.09,2.53,
84,147,1/27/2016 11:50:29 PM,Dark,1/27/2016 11:46:06 PM,1/27/2016 11:50:18 PM,252,0.11,2.63,
84,148,1/27/2016 11:53:47 PM,Dark,1/27/2016 11:53:33 PM,1/27/2016 11:53:37 PM,4,0.12,2.76,
84,149,1/28/2016 12:04:13 AM,Dark,1/28/2016 12:03:34 AM,1/28/2016 12:04:02 AM,28,-0.11,2.64,
85,150,1/28/2016 12:14:54 AM,Dark,1/28/2016 12:14:38 AM,1/28/2016 12:14:44 AM,6,-0.04,2.60,
85,151,1/28/2016 12:18:10 AM,Dark,1/28/2016 12:16:03 AM,1/28/2016 12:18:00 AM,117,0.22,2.82,
85,152,1/28/2016 12:19:49 AM,Dark,1/28/2016 12:19:22 AM,1/28/2016 12:19:39 AM,17,0.05,2.87,
85,153,1/28/2016 12:23:21 AM,Dark,1/28/2016 12:22:38 AM,1/28/2016 12:23:11 AM,33,-0.06,2.80,
86,154,1/28/2016 12:34:54 AM,Dark,1/28/2016 12:34:36 AM,1/28/2016 12:34:44 AM,8,0.04,2.84,
86,155,1/28/2016 12:35:51 AM,Dark,1/28/2016 12:35:27 AM,1/28/2016 12:35:41 AM,14,-0.06,2.78,
86,156,1/28/2016 12:43:51 AM,Dark,1/28/2016 12:43:33 AM,1/28/2016 12:43:40 AM,7,0.04,2.82,
86,157,1/28/2016 12:50:42 AM,Dark,1/28/2016 12:50:19 AM,1/28/2016 12:50:32 AM,13,0.09,2.91,
87,158,1/28/2016 12:54:50 AM,Dark,1/28/2016 12:53:13 AM,1/28/2016 12:54:39 AM,86,-0.05,2.86,
87,159,1/28/2016 12:55:47 AM,Dark,1/28/2016 12:55:31 AM,1/28/2016 12:55:36 AM,5,0.06,2.91,
87,160,1/28/2016 12:58:18 AM,Dark,1/28/2016 12:57:55 AM,1/28/2016 12:58:07 AM,12,-0.05,2.86,
87,161,1/28/2016 1:09:45 AM,Dark,1/28/2016 1:09:32 AM,1/28/2016 1:09:35 AM,3,0.10,2.96,
88,162,1/28/2016 1:19:30 AM,Dark,1/28/2016 1:19:00 AM,1/28/2016 1:19:19 AM,19,-0.11,2.85,
88,163,1/28/2016 1:33:33 AM,Dark,1/28/2016 1:33:13 AM,1/28/2016 1:33:22 AM,9,0.03,2.89,
93,164,1/28/2016 3:08:00 AM,Dark,1/28/2016 3:07:40 AM,1/28/2016 3:07:49 AM,9,-0.05,2.84,
93,165,1/28/2016 3:19:56 AM,Dark,1/28/2016 3:19:42 AM,1/28/2016 3:19:46 AM,4,0.05,2.89,
93,166,1/28/2016 3:23:30 AM,Dark,1/28/2016 3:21:41 AM,1/28/2016 3:23:20 AM,99,0.10,2.99,
94,167,1/28/2016 3:31:14 AM,Dark,1/28/2016 3:29:38 AM,1/28/2016 3:31:03 AM,85,0.04,3.03,
94,168,1/28/2016 3:39:05 AM,Dark,1/28/2016 3:38:37 AM,1/28/2016 3:38:54 AM,17,0.06,3.09,
94,169,1/28/2016 3:41:38 AM,Dark,1/28/2016 3:41:21 AM,1/28/2016 3:41:28 AM,7,-0.07,3.02,
94,170,1/28/2016 3:48:33 AM,Dark,1/28/2016 3:47:21 AM,1/28/2016 3:48:22 AM,61,0.10,3.11,
95,171,1/28/2016 4:06:11 AM,Dark,1/28/2016 4:05:39 AM,1/28/2016 4:06:00 AM,21,0.06,3.17,
95,172,1/28/2016 4:10:07 AM,Dark,1/28/2016 4:07:16 AM,1/28/2016 4:09:56 AM,160,0.11,3.28,
97,173,1/28/2016 4:45:08 AM,Dark,1/28/2016 4:44:51 AM,1/28/2016 4:44:57 AM,6,-0.06,3.22,
97,174,1/28/2016 4:47:36 AM,Dark,1/28/2016 4:47:15 AM,1/28/2016 4:47:26 AM,11,0.04,3.25,
97,175,1/28/2016 4:57:44 AM,Dark,1/28/2016 4:57:28 AM,1/28/2016 4:57:34 AM,6,-0.05,3.21,
98,176,1/28/2016 5:01:35 AM,Dark,1/28/2016 5:01:03 AM,1/28/2016 5:01:24 AM,21,0.04,3.25,
98,177,1/28/2016 5:03:23 AM,Dark,1/28/2016 5:03:07 AM,1/28/2016 5:03:13 AM,6,0.07,3.31,
98,178,1/28/2016 5:06:31 AM,Dark,1/28/2016 5:03:24 AM,1/28/2016 5:06:20 AM,176,0.26,3.57,
101,179,1/28/2016 6:20:11 AM,Dark,1/28/2016 6:19:56 AM,1/28/2016 6:20:00 AM,4,0.16,3.73,
102,180,1/28/2016 6:46:36 AM,Dark,1/28/2016 6:46:20 AM,1/28/2016 6:46:25 AM,5,-0.12,3.61,
103,181,1/28/2016 6:55:32 AM,Light,1/28/2016 6:55:16 AM,1/28/2016 6:55:21 AM,5,-0.06,3.54,
103,182,1/28/2016 7:04:54 AM,Light,1/28/2016 7:04:37 AM,1/28/2016 7:04:44 AM,7,0.07,3.61,
104,183,1/28/2016 7:20:12 AM,Light,1/28/2016 7:19:48 AM,1/28/2016 7:20:01 AM,13,0.06,3.67,
104,184,1/28/2016 7:22:53 AM,Light,1/28/2016 7:22:37 AM,1/28/2016 7:22:43 AM,6,-0.08,3.59,
105,185,1/28/2016 7:53:00 AM,Light,1/28/2016 7:52:04 AM,1/28/2016 7:52:49 AM,45,0.10,3.69,
106,186,1/28/2016 7:59:17 AM,Light,1/28/2016 7:58:47 AM,1/28/2016 7:59:06 AM,19,-0.07,3.62,
106,187,1/28/2016 8:03:30 AM,Light,1/28/2016 8:02:31 AM,1/28/2016 8:03:19 AM,48,0.91,4.52,
106,188,1/28/2016 8:05:26 AM,Light,1/28/2016 8:03:40 AM,1/28/2016 8:05:15 AM,95,-0.03,4.49,
106,189,1/28/2016 8:06:02 AM,Light,1/28/2016 8:05:47 AM,1/28/2016 8:05:51 AM,4,0.04,4.53,
111,190,1/28/2016 9:56:59 AM,Light,1/28/2016 9:56:45 AM,1/28/2016 9:56:48 AM,3,0.04,4.57,
112,191,1/28/2016 10:21:45 AM,Light,1/28/2016 10:21:28 AM,1/28/2016 10:21:35 AM,7,-0.03,4.54,
119,192,1/28/2016 1:01:46 PM,Light,1/28/2016 1:01:26 PM,1/28/2016 1:01:36 PM,10,0.05,4.59,
119,193,1/28/2016 1:03:27 PM,Light,1/28/2016 1:02:27 PM,1/28/2016 1:03:16 PM,49,0.05,4.64,
120,194,1/28/2016 1:25:12 PM,Light,1/28/2016 1:24:55 PM,1/28/2016 1:25:01 PM,6,0.03,4.67,
121,195,1/28/2016 1:51:58 PM,Light,1/28/2016 1:51:41 PM,1/28/2016 1:51:47 PM,6,-0.03,4.64,
124,196,1/28/2016 2:53:57 PM,Light,1/28/2016 2:53:41 PM,1/28/2016 2:53:46 PM,5,0.03,4.67,
128,197,1/28/2016 4:27:46 PM,Light,1/28/2016 4:27:24 PM,1/28/2016 4:27:35 PM,11,-0.04,4.63,
129,198,1/28/2016 4:30:35 PM,Light,1/28/2016 4:30:20 PM,1/28/2016 4:30:24 PM,4,0.04,4.67,
129,199,1/28/2016 4:40:21 PM,Light,1/28/2016 4:39:59 PM,1/28/2016 4:40:11 PM,12,0.03,4.70,
131,200,1/28/2016 5:24:39 PM,Light,1/28/2016 5:23:45 PM,1/28/2016 5:24:28 PM,43,0.07,4.78,
131,201,1/28/2016 5:25:35 PM,Light,1/28/2016 5:25:15 PM,1/28/2016 5:25:24 PM,9,0.06,4.84,
131,202,1/28/2016 5:27:00 PM,Light,1/28/2016 5:26:22 PM,1/28/2016 5:26:50 PM,28,-0.04,4.80,
132,203,1/28/2016 5:38:25 PM,Light,1/28/2016 5:38:00 PM,1/28/2016 5:38:15 PM,15,-0.03,4.77,
132,204,1/28/2016 5:41:29 PM,Light,1/28/2016 5:41:08 PM,1/28/2016 5:41:19 PM,11,0.03,4.80,
132,205,1/28/2016 5:48:07 PM,Light,1/28/2016 5:46:56 PM,1/28/2016 5:47:56 PM,60,0.10,4.90,
132,206,1/28/2016 5:52:06 PM,Light,1/28/2016 5:51:46 PM,1/28/2016 5:51:55 PM,9,-0.10,4.80,
132,207,1/28/2016 5:53:26 PM,Light,1/28/2016 5:53:11 PM,1/28/2016 5:53:16 PM,5,-0.03,4.77,
132,208,1/28/2016 5:54:31 PM,Light,1/28/2016 5:53:58 PM,1/28/2016 5:54:20 PM,22,0.04,4.81,
132,209,1/28/2016 5:56:57 PM,Light,1/28/2016 5:56:33 PM,1/28/2016 5:56:46 PM,13,0.04,4.84,
132,210,1/28/2016 5:57:18 PM,Light,1/28/2016 5:57:02 PM,1/28/2016 5:57:07 PM,5,-0.03,4.81,
133,211,1/28/2016 6:12:15 PM,Light,1/28/2016 6:11:39 PM,1/28/2016 6:12:04 PM,25,0.04,4.85,
133,212,1/28/2016 6:19:58 PM,Light,1/28/2016 6:18:16 PM,1/28/2016 6:19:47 PM,91,0.07,4.92,
133,213,1/28/2016 6:21:29 PM,Light,1/28/2016 6:21:13 PM,1/28/2016 6:21:19 PM,6,-0.06,4.86,
134,214,1/28/2016 6:29:39 PM,Light,1/28/2016 6:29:17 PM,1/28/2016 6:29:28 PM,11,-0.08,4.78,
134,215,1/28/2016 6:34:46 PM,Light,1/28/2016 6:33:50 PM,1/28/2016 6:34:35 PM,45,0.11,4.89,
134,216,1/28/2016 6:35:31 PM,Light,1/28/2016 6:35:14 PM,1/28/2016 6:35:20 PM,6,-0.04,4.85,
134,217,1/28/2016 6:38:14 PM,Light,1/28/2016 6:37:51 PM,1/28/2016 6:38:04 PM,13,0.06,4.91,
134,218,1/28/2016 6:44:15 PM,Light,1/28/2016 6:39:36 PM,1/28/2016 6:44:04 PM,268,0.07,4.98,
135,219,1/28/2016 6:45:11 PM,Dark,1/28/2016 6:44:21 PM,1/28/2016 6:45:01 PM,40,-0.04,4.94,
135,220,1/28/2016 6:47:00 PM,Dark,1/28/2016 6:45:15 PM,1/28/2016 6:46:49 PM,94,-0.08,4.87,
135,221,1/28/2016 6:49:21 PM,Dark,1/28/2016 6:48:26 PM,1/28/2016 6:49:10 PM,44,0.06,4.93,
136,222,1/28/2016 7:16:40 PM,Dark,1/28/2016 7:13:31 PM,1/28/2016 7:16:30 PM,179,0.04,4.97,
136,223,1/28/2016 7:18:00 PM,Dark,1/28/2016 7:17:18 PM,1/28/2016 7:17:50 PM,32,-0.12,4.85,
136,224,1/28/2016 7:19:18 PM,Dark,1/28/2016 7:19:00 PM,1/28/2016 7:19:07 PM,7,0.11,4.96,
137,225,1/28/2016 7:32:17 PM,Dark,1/28/2016 7:31:56 PM,1/28/2016 7:32:07 PM,11,0.05,5.01,
137,226,1/28/2016 7:42:46 PM,Dark,1/28/2016 7:42:28 PM,1/28/2016 7:42:35 PM,7,-0.03,4.98,
138,227,1/28/2016 7:57:04 PM,Dark,1/28/2016 7:56:38 PM,1/28/2016 7:56:53 PM,15,0.05,5.03,
138,228,1/28/2016 8:06:12 PM,Dark,1/28/2016 8:05:49 PM,1/28/2016 8:06:01 PM,12,-0.05,4.98,
139,229,1/28/2016 8:29:09 PM,Dark,1/28/2016 8:28:29 PM,1/28/2016 8:28:58 PM,29,0.09,5.07,
139,230,1/28/2016 8:34:17 PM,Dark,1/28/2016 8:33:52 PM,1/28/2016 8:34:06 PM,14,-0.05,5.02,
140,231,1/28/2016 8:38:49 PM,Dark,1/28/2016 8:38:34 PM,1/28/2016 8:38:39 PM,5,0.06,5.07,
140,232,1/28/2016 8:39:29 PM,Dark,1/28/2016 8:39:04 PM,1/28/2016 8:39:19 PM,15,-0.07,5.01,
140,233,1/28/2016 8:41:32 PM,Dark,1/28/2016 8:41:15 PM,1/28/2016 8:41:21 PM,6,0.06,5.07,
140,234,1/28/2016 8:46:29 PM,Dark,1/28/2016 8:46:15 PM,1/28/2016 8:46:19 PM,4,-0.05,5.02,
140,235,1/28/2016 8:47:45 PM,Dark,1/28/2016 8:47:16 PM,1/28/2016 8:47:35 PM,19,0.05,5.07,
140,236,1/28/2016 8:53:12 PM,Dark,1/28/2016 8:52:54 PM,1/28/2016 8:53:01 PM,7,0.09,5.16,
141,237,1/28/2016 8:58:44 PM,Dark,1/28/2016 8:58:24 PM,1/28/2016 8:58:34 PM,10,-0.18,4.97,
141,238,1/28/2016 9:07:34 PM,Dark,1/28/2016 9:07:13 PM,1/28/2016 9:07:24 PM,11,0.16,5.13,
141,239,1/28/2016 9:14:22 PM,Dark,1/28/2016 9:14:07 PM,1/28/2016 9:14:12 PM,5,0.09,5.22,
141,240,1/28/2016 9:16:04 PM,Dark,1/28/2016 9:15:41 PM,1/28/2016 9:15:54 PM,13,-0.09,5.13,
142,241,1/28/2016 9:30:00 PM,Dark,1/28/2016 9:29:23 PM,1/28/2016 9:29:49 PM,26,-0.04,5.09,
142,242,1/28/2016 9:31:32 PM,Dark,1/28/2016 9:31:14 PM,1/28/2016 9:31:21 PM,7,0.05,5.13,
142,243,1/28/2016 9:38:55 PM,Dark,1/28/2016 9:38:25 PM,1/28/2016 9:38:44 PM,19,0.08,5.22,
143,244,1/28/2016 9:47:20 PM,Dark,1/28/2016 9:46:45 PM,1/28/2016 9:47:09 PM,24,-0.07,5.14,
144,245,1/28/2016 10:14:12 PM,Dark,1/28/2016 10:13:03 PM,1/28/2016 10:14:02 PM,59,0.04,5.18,
144,246,1/28/2016 10:23:22 PM,Dark,1/28/2016 10:22:19 PM,1/28/2016 10:23:12 PM,53,0.09,5.27,
144,247,1/28/2016 10:24:14 PM,Dark,1/28/2016 10:23:37 PM,1/28/2016 10:24:04 PM,27,-0.07,5.20,
144,248,1/28/2016 10:27:11 PM,Dark,1/28/2016 10:26:52 PM,1/28/2016 10:27:01 PM,9,-0.04,5.16,
145,249,1/28/2016 10:30:58 PM,Dark,1/28/2016 10:30:36 PM,1/28/2016 10:30:47 PM,11,0.03,5.20,
146,250,1/28/2016 10:58:22 PM,Dark,1/28/2016 10:58:02 PM,1/28/2016 10:58:11 PM,9,-0.11,5.09,
146,251,1/28/2016 10:58:51 PM,Dark,1/28/2016 10:58:28 PM,1/28/2016 10:58:40 PM,12,0.10,5.19,
146,252,1/28/2016 10:59:33 PM,Dark,1/28/2016 10:59:07 PM,1/28/2016 10:59:21 PM,14,0.08,5.28,
146,253,1/28/2016 11:05:15 PM,Dark,1/28/2016 11:00:48 PM,1/28/2016 11:05:05 PM,257,-0.06,5.21,
146,254,1/28/2016 11:12:08 PM,Dark,1/28/2016 11:11:53 PM,1/28/2016 11:11:58 PM,5,-0.04,5.17,
147,255,1/28/2016 11:13:33 PM,Dark,1/28/2016 11:13:03 PM,1/28/2016 11:13:23 PM,20,0.03,5.20,
147,256,1/28/2016 11:25:57 PM,Dark,1/28/2016 11:25:04 PM,1/28/2016 11:25:46 PM,42,0.06,5.26,
148,257,1/28/2016 11:50:02 PM,Dark,1/28/2016 11:48:42 PM,1/28/2016 11:49:51 PM,69,0.07,5.33,
149,258,1/29/2016 12:11:39 AM,Dark,1/29/2016 12:09:41 AM,1/29/2016 12:11:29 AM,108,0.04,5.37,
150,259,1/29/2016 12:39:22 AM,Dark,1/29/2016 12:38:48 AM,1/29/2016 12:39:11 AM,23,0.04,5.41,
150,260,1/29/2016 12:40:34 AM,Dark,1/29/2016 12:40:05 AM,1/29/2016 12:40:23 AM,18,-0.10,5.31,
150,261,1/29/2016 12:41:23 AM,Dark,1/29/2016 12:41:09 AM,1/29/2016 12:41:13 AM,4,0.07,5.38,
151,262,1/29/2016 12:46:55 AM,Dark,1/29/2016 12:44:12 AM,1/29/2016 12:46:45 AM,153,0.05,5.43,
151,263,1/29/2016 1:02:54 AM,Dark,1/29/2016 1:02:15 AM,1/29/2016 1:02:44 AM,29,0.05,5.48,
152,264,1/29/2016 1:14:28 AM,Dark,1/29/2016 1:12:28 AM,1/29/2016 1:14:17 AM,109,0.06,5.54,
152,265,1/29/2016 1:19:29 AM,Dark,1/29/2016 1:14:41 AM,1/29/2016 1:19:18 AM,277,0.78,6.31,
152,266,1/29/2016 1:21:26 AM,Dark,1/29/2016 1:21:11 AM,1/29/2016 1:21:16 AM,5,0.05,6.36,
153,267,1/29/2016 1:32:54 AM,Dark,1/29/2016 1:32:26 AM,1/29/2016 1:32:43 AM,17,0.03,6.39,
156,268,1/29/2016 2:42:50 AM,Dark,1/29/2016 2:42:33 AM,1/29/2016 2:42:39 AM,6,0.04,6.44,
156,269,1/29/2016 2:43:18 AM,Dark,1/29/2016 2:42:56 AM,1/29/2016 2:43:07 AM,11,0.06,6.50,
160,270,1/29/2016 4:06:28 AM,Dark,1/29/2016 4:05:58 AM,1/29/2016 4:06:17 AM,19,0.05,6.55,
160,271,1/29/2016 4:12:26 AM,Dark,1/29/2016 4:11:10 AM,1/29/2016 4:12:15 AM,65,0.09,6.63,
161,272,1/29/2016 4:29:04 AM,Dark,1/29/2016 4:25:44 AM,1/29/2016 4:28:53 AM,189,0.93,7.57,
161,273,1/29/2016 4:32:43 AM,Dark,1/29/2016 4:29:26 AM,1/29/2016 4:32:33 AM,187,0.19,7.76,
161,274,1/29/2016 4:36:57 AM,Dark,1/29/2016 4:36:13 AM,1/29/2016 4:36:47 AM,34,-0.04,7.72,
161,275,1/29/2016 4:39:59 AM,Dark,1/29/2016 4:39:41 AM,1/29/2016 4:39:48 AM,7,0.03,7.75,
162,276,1/29/2016 4:50:27 AM,Dark,1/29/2016 4:50:05 AM,1/29/2016 4:50:17 AM,12,-0.06,7.69,
162,277,1/29/2016 4:59:08 AM,Dark,1/29/2016 4:58:20 AM,1/29/2016 4:58:57 AM,37,0.11,7.80,
162,278,1/29/2016 5:05:42 AM,Dark,1/29/2016 5:02:57 AM,1/29/2016 5:05:31 AM,154,0.03,7.83,
163,279,1/29/2016 5:15:47 AM,Dark,1/29/2016 5:15:19 AM,1/29/2016 5:15:36 AM,17,0.04,7.87,
168,280,1/29/2016 7:05:38 AM,Light,1/29/2016 7:05:13 AM,1/29/2016 7:05:28 AM,15,0.06,7.93,
168,281,1/29/2016 7:07:22 AM,Light,1/29/2016 7:07:02 AM,1/29/2016 7:07:11 AM,9,-0.04,7.89,
168,282,1/29/2016 7:08:05 AM,Light,1/29/2016 7:07:44 AM,1/29/2016 7:07:55 AM,11,0.03,7.92,
169,283,1/29/2016 7:26:22 AM,Light,1/29/2016 7:26:01 AM,1/29/2016 7:26:12 AM,11,0.03,7.95,
169,284,1/29/2016 7:27:32 AM,Light,1/29/2016 7:27:00 AM,1/29/2016 7:27:21 AM,21,0.03,7.99,
169,285,1/29/2016 7:37:23 AM,Light,1/29/2016 7:36:40 AM,1/29/2016 7:37:12 AM,32,0.04,8.03,
170,286,1/29/2016 8:01:40 AM,Light,1/29/2016 8:01:25 AM,1/29/2016 8:01:29 AM,4,-0.05,7.98,
171,287,1/29/2016 8:19:28 AM,Light,1/29/2016 8:19:12 AM,1/29/2016 8:19:17 AM,5,0.04,8.02,
172,288,1/29/2016 8:36:27 AM,Light,1/29/2016 8:36:12 AM,1/29/2016 8:36:17 AM,5,-0.04,7.98,
173,289,1/29/2016 9:10:34 AM,Light,1/29/2016 9:10:20 AM,1/29/2016 9:10:24 AM,4,0.07,8.05,
176,290,1/29/2016 10:20:33 AM,Light,1/29/2016 10:20:17 AM,1/29/2016 10:20:23 AM,6,-0.06,7.99,
177,291,1/29/2016 10:32:46 AM,Light,1/29/2016 10:32:13 AM,1/29/2016 10:32:36 AM,23,0.06,8.05,
178,292,1/29/2016 10:52:40 AM,Light,1/29/2016 10:52:22 AM,1/29/2016 10:52:29 AM,7,-0.04,8.01,
180,293,1/29/2016 11:38:12 AM,Light,1/29/2016 11:37:13 AM,1/29/2016 11:38:01 AM,48,0.08,8.09,
181,294,1/29/2016 12:05:39 PM,Light,1/29/2016 12:05:21 PM,1/29/2016 12:05:29 PM,8,-0.05,8.04,
183,295,1/29/2016 12:57:58 PM,Light,1/29/2016 12:57:39 PM,1/29/2016 12:57:48 PM,9,0.05,8.08,
185,296,1/29/2016 1:32:00 PM,Light,1/29/2016 1:31:44 PM,1/29/2016 1:31:49 PM,5,-0.03,8.05,
188,297,1/29/2016 2:45:29 PM,Light,1/29/2016 2:45:08 PM,1/29/2016 2:45:19 PM,11,0.09,8.13,
189,298,1/29/2016 2:49:56 PM,Light,1/29/2016 2:49:41 PM,1/29/2016 2:49:45 PM,4,-0.04,8.10,
194,299,1/29/2016 4:42:04 PM,Light,1/29/2016 4:41:15 PM,1/29/2016 4:41:54 PM,39,0.08,8.18,
194,300,1/29/2016 4:43:43 PM,Light,1/29/2016 4:43:26 PM,1/29/2016 4:43:32 PM,6,-0.04,8.14,
194,301,1/29/2016 4:54:07 PM,Light,1/29/2016 4:53:50 PM,1/29/2016 4:53:57 PM,7,0.04,8.18,
196,302,1/29/2016 5:26:53 PM,Light,1/29/2016 5:26:14 PM,1/29/2016 5:26:42 PM,28,0.05,8.23,
196,303,1/29/2016 5:32:04 PM,Light,1/29/2016 5:31:06 PM,1/29/2016 5:31:54 PM,48,-0.04,8.19,
197,304,1/29/2016 6:00:23 PM,Light,1/29/2016 5:57:48 PM,1/29/2016 6:00:12 PM,144,0.04,8.23,
197,305,1/29/2016 6:01:31 PM,Light,1/29/2016 6:01:02 PM,1/29/2016 6:01:21 PM,19,-0.04,8.19,
197,306,1/29/2016 6:04:53 PM,Light,1/29/2016 6:04:35 PM,1/29/2016 6:04:42 PM,7,0.05,8.24,
197,307,1/29/2016 6:07:18 PM,Light,1/29/2016 6:06:39 PM,1/29/2016 6:07:08 PM,29,-0.04,8.21,
198,308,1/29/2016 6:26:00 PM,Light,1/29/2016 6:25:19 PM,1/29/2016 6:25:49 PM,30,-0.04,8.17,
198,309,1/29/2016 6:26:38 PM,Light,1/29/2016 6:26:17 PM,1/29/2016 6:26:28 PM,11,0.06,8.23,
198,310,1/29/2016 6:31:32 PM,Light,1/29/2016 6:29:28 PM,1/29/2016 6:31:21 PM,113,0.11,8.34,
199,311,1/29/2016 6:32:54 PM,Light,1/29/2016 6:32:24 PM,1/29/2016 6:32:44 PM,20,-0.10,8.24,
199,312,1/29/2016 6:46:33 PM,Light,1/29/2016 6:44:42 PM,1/29/2016 6:46:22 PM,100,0.05,8.29,
199,313,1/29/2016 6:48:06 PM,Light,1/29/2016 6:47:38 PM,1/29/2016 6:47:56 PM,18,0.04,8.32,
199,314,1/29/2016 6:53:44 PM,Light,1/29/2016 6:53:26 PM,1/29/2016 6:53:34 PM,8,-0.05,8.27,
200,315,1/29/2016 6:59:38 PM,Dark,1/29/2016 6:59:21 PM,1/29/2016 6:59:28 PM,7,-0.03,8.24,
200,316,1/29/2016 7:12:14 PM,Dark,1/29/2016 7:11:54 PM,1/29/2016 7:12:03 PM,9,0.06,8.30,
201,317,1/29/2016 7:19:29 PM,Dark,1/29/2016 7:19:13 PM,1/29/2016 7:19:19 PM,6,0.06,8.36,
201,318,1/29/2016 7:21:39 PM,Dark,1/29/2016 7:21:23 PM,1/29/2016 7:21:29 PM,6,-0.06,8.30,
201,319,1/29/2016 7:31:36 PM,Dark,1/29/2016 7:29:56 PM,1/29/2016 7:31:26 PM,90,0.04,8.34,
201,320,1/29/2016 7:34:22 PM,Dark,1/29/2016 7:32:47 PM,1/29/2016 7:34:12 PM,85,0.05,8.38,
201,321,1/29/2016 7:35:55 PM,Dark,1/29/2016 7:34:57 PM,1/29/2016 7:35:44 PM,47,-0.04,8.34,
203,322,1/29/2016 8:04:00 PM,Dark,1/29/2016 8:03:41 PM,1/29/2016 8:03:50 PM,9,-0.13,8.22,
203,323,1/29/2016 8:07:57 PM,Dark,1/29/2016 8:07:39 PM,1/29/2016 8:07:46 PM,7,0.13,8.34,
203,324,1/29/2016 8:08:28 PM,Dark,1/29/2016 8:08:05 PM,1/29/2016 8:08:17 PM,12,-0.04,8.30,
203,325,1/29/2016 8:13:29 PM,Dark,1/29/2016 8:08:44 PM,1/29/2016 8:13:18 PM,274,0.05,8.35,
204,326,1/29/2016 8:32:31 PM,Dark,1/29/2016 8:32:15 PM,1/29/2016 8:32:21 PM,6,0.04,8.40,
204,327,1/29/2016 8:42:40 PM,Dark,1/29/2016 8:42:13 PM,1/29/2016 8:42:29 PM,16,-0.05,8.35,
204,328,1/29/2016 8:44:49 PM,Dark,1/29/2016 8:44:33 PM,1/29/2016 8:44:38 PM,5,0.04,8.38,
205,329,1/29/2016 9:04:59 PM,Dark,1/29/2016 9:04:38 PM,1/29/2016 9:04:49 PM,11,0.05,8.44,
205,330,1/29/2016 9:06:19 PM,Dark,1/29/2016 9:05:56 PM,1/29/2016 9:06:08 PM,12,-0.06,8.38,
206,331,1/29/2016 9:16:55 PM,Dark,1/29/2016 9:16:34 PM,1/29/2016 9:16:45 PM,11,0.05,8.43,
206,332,1/29/2016 9:17:52 PM,Dark,1/29/2016 9:17:22 PM,1/29/2016 9:17:41 PM,19,-0.04,8.39,
206,333,1/29/2016 9:25:42 PM,Dark,1/29/2016 9:25:12 PM,1/29/2016 9:25:32 PM,20,0.03,8.42,
206,334,1/29/2016 9:26:35 PM,Dark,1/29/2016 9:26:04 PM,1/29/2016 9:26:24 PM,20,-0.04,8.38,
207,335,1/29/2016 9:43:43 PM,Dark,1/29/2016 9:43:14 PM,1/29/2016 9:43:32 PM,18,0.03,8.41,
207,336,1/29/2016 9:51:08 PM,Dark,1/29/2016 9:50:46 PM,1/29/2016 9:50:58 PM,12,-0.06,8.35,
207,337,1/29/2016 9:52:06 PM,Dark,1/29/2016 9:51:09 PM,1/29/2016 9:51:55 PM,46,0.06,8.42,
208,338,1/29/2016 9:54:12 PM,Dark,1/29/2016 9:53:55 PM,1/29/2016 9:54:01 PM,6,0.06,8.47,
208,339,1/29/2016 9:59:05 PM,Dark,1/29/2016 9:58:47 PM,1/29/2016 9:58:54 PM,7,-0.05,8.42,
208,340,1/29/2016 10:00:57 PM,Dark,1/29/2016 10:00:27 PM,1/29/2016 10:00:46 PM,19,0.13,8.56,
208,341,1/29/2016 10:04:06 PM,Dark,1/29/2016 10:03:32 PM,1/29/2016 10:03:55 PM,23,-0.13,8.43,
209,342,1/29/2016 10:19:55 PM,Dark,1/29/2016 10:19:13 PM,1/29/2016 10:19:45 PM,32,0.04,8.46,
209,343,1/29/2016 10:21:11 PM,Dark,1/29/2016 10:20:49 PM,1/29/2016 10:21:00 PM,11,-0.03,8.43,
209,344,1/29/2016 10:27:27 PM,Dark,1/29/2016 10:27:11 PM,1/29/2016 10:27:16 PM,5,0.04,8.47,
209,345,1/29/2016 10:27:51 PM,Dark,1/29/2016 10:27:33 PM,1/29/2016 10:27:40 PM,7,-0.04,8.43,
210,346,1/29/2016 10:41:22 PM,Dark,1/29/2016 10:41:05 PM,1/29/2016 10:41:12 PM,7,-0.05,8.38,
210,347,1/29/2016 10:49:26 PM,Dark,1/29/2016 10:49:09 PM,1/29/2016 10:49:15 PM,6,0.04,8.42,
211,348,1/29/2016 11:01:10 PM,Dark,1/29/2016 11:00:19 PM,1/29/2016 11:00:59 PM,40,0.04,8.46,
211,349,1/29/2016 11:09:14 PM,Dark,1/29/2016 11:08:41 PM,1/29/2016 11:09:04 PM,23,-0.03,8.43,
211,350,1/29/2016 11:12:47 PM,Dark,1/29/2016 11:09:58 PM,1/29/2016 11:12:37 PM,159,0.05,8.48,
211,351,1/29/2016 11:14:10 PM,Dark,1/29/2016 11:13:53 PM,1/29/2016 11:13:59 PM,6,-0.07,8.41,
211,352,1/29/2016 11:16:39 PM,Dark,1/29/2016 11:14:59 PM,1/29/2016 11:16:28 PM,89,0.04,8.45,
212,353,1/29/2016 11:31:38 PM,Dark,1/29/2016 11:31:21 PM,1/29/2016 11:31:27 PM,6,0.06,8.51,
212,354,1/29/2016 11:33:11 PM,Dark,1/29/2016 11:31:39 PM,1/29/2016 11:33:00 PM,81,-0.06,8.45,
212,355,1/29/2016 11:43:58 PM,Dark,1/29/2016 11:43:35 PM,1/29/2016 11:43:47 PM,12,0.04,8.49,
212,356,1/29/2016 11:45:10 PM,Dark,1/29/2016 11:44:42 PM,1/29/2016 11:45:00 PM,18,-0.03,8.46,
213,357,1/29/2016 11:54:48 PM,Dark,1/29/2016 11:54:01 PM,1/29/2016 11:54:37 PM,36,0.08,8.54,
213,358,1/29/2016 11:57:02 PM,Dark,1/29/2016 11:56:47 PM,1/29/2016 11:56:52 PM,5,-0.10,8.44,
213,359,1/29/2016 11:58:34 PM,Dark,1/29/2016 11:58:17 PM,1/29/2016 11:58:24 PM,7,0.04,8.47,
214,360,1/30/2016 12:15:16 AM,Dark,1/30/2016 12:15:00 AM,1/30/2016 12:15:05 AM,5,0.04,8.52,
214,361,1/30/2016 12:15:57 AM,Dark,1/30/2016 12:15:26 AM,1/30/2016 12:15:47 AM,21,-0.04,8.48,
214,362,1/30/2016 12:23:52 AM,Dark,1/30/2016 12:22:52 AM,1/30/2016 12:23:41 AM,49,0.04,8.52,
215,363,1/30/2016 12:33:35 AM,Dark,1/30/2016 12:33:21 AM,1/30/2016 12:33:24 AM,3,-0.04,8.48,
215,364,1/30/2016 12:48:14 AM,Dark,1/30/2016 12:47:55 AM,1/30/2016 12:48:03 AM,8,0.06,8.55,
215,365,1/30/2016 12:48:40 AM,Dark,1/30/2016 12:48:25 AM,1/30/2016 12:48:30 AM,5,-0.04,8.50,
215,366,1/30/2016 12:50:41 AM,Dark,1/30/2016 12:50:24 AM,1/30/2016 12:50:30 AM,6,-0.04,8.46,
216,367,1/30/2016 12:57:03 AM,Dark,1/30/2016 12:56:36 AM,1/30/2016 12:56:52 AM,16,0.05,8.52,
216,368,1/30/2016 12:57:31 AM,Dark,1/30/2016 12:57:14 AM,1/30/2016 12:57:21 AM,7,-0.04,8.48,
216,369,1/30/2016 1:04:37 AM,Dark,1/30/2016 1:00:08 AM,1/30/2016 1:04:26 AM,258,0.05,8.52,
216,370,1/30/2016 1:06:32 AM,Dark,1/30/2016 1:04:54 AM,1/30/2016 1:06:22 AM,88,0.05,8.57,
216,371,1/30/2016 1:07:42 AM,Dark,1/30/2016 1:07:22 AM,1/30/2016 1:07:31 AM,9,-0.03,8.54,
216,372,1/30/2016 1:09:46 AM,Dark,1/30/2016 1:09:30 AM,1/30/2016 1:09:36 AM,6,0.04,8.59,
216,373,1/30/2016 1:10:45 AM,Dark,1/30/2016 1:10:19 AM,1/30/2016 1:10:34 AM,15,-0.03,8.55,
219,374,1/30/2016 2:18:44 AM,Dark,1/30/2016 2:18:28 AM,1/30/2016 2:18:33 AM,5,0.03,8.59,
220,375,1/30/2016 2:33:49 AM,Dark,1/30/2016 2:33:12 AM,1/30/2016 2:33:39 AM,27,-0.05,8.54,
220,376,1/30/2016 2:35:11 AM,Dark,1/30/2016 2:34:08 AM,1/30/2016 2:35:00 AM,52,0.10,8.64,
221,377,1/30/2016 2:45:26 AM,Dark,1/30/2016 2:44:55 AM,1/30/2016 2:45:16 AM,21,0.07,8.71,
221,378,1/30/2016 2:47:11 AM,Dark,1/30/2016 2:45:45 AM,1/30/2016 2:47:01 AM,76,-0.07,8.64,
221,379,1/30/2016 2:48:11 AM,Dark,1/30/2016 2:47:17 AM,1/30/2016 2:48:01 AM,44,-0.04,8.60,
221,380,1/30/2016 2:49:04 AM,Dark,1/30/2016 2:48:44 AM,1/30/2016 2:48:54 AM,10,0.10,8.69,
221,381,1/30/2016 2:49:47 AM,Dark,1/30/2016 2:49:19 AM,1/30/2016 2:49:36 AM,17,-0.07,8.63,
221,382,1/30/2016 3:00:37 AM,Dark,1/30/2016 3:00:03 AM,1/30/2016 3:00:27 AM,24,0.06,8.68,
221,383,1/30/2016 3:02:40 AM,Dark,1/30/2016 3:02:04 AM,1/30/2016 3:02:30 AM,26,-0.07,8.62,
221,384,1/30/2016 3:04:49 AM,Dark,1/30/2016 3:04:18 AM,1/30/2016 3:04:38 AM,20,-0.14,8.48,
221,385,1/30/2016 3:05:26 AM,Dark,1/30/2016 3:05:07 AM,1/30/2016 3:05:15 AM,8,0.08,8.56,
221,386,1/30/2016 3:06:14 AM,Dark,1/30/2016 3:05:58 AM,1/30/2016 3:06:04 AM,6,0.06,8.62,
223,387,1/30/2016 3:28:42 AM,Dark,1/30/2016 3:28:27 AM,1/30/2016 3:28:32 AM,5,0.06,8.68,
223,388,1/30/2016 3:33:28 AM,Dark,1/30/2016 3:33:02 AM,1/30/2016 3:33:17 AM,15,-0.04,8.64,
223,389,1/30/2016 3:40:26 AM,Dark,1/30/2016 3:40:00 AM,1/30/2016 3:40:15 AM,15,0.05,8.68,
223,390,1/30/2016 3:43:42 AM,Dark,1/30/2016 3:43:28 AM,1/30/2016 3:43:32 AM,4,-0.03,8.65,
224,391,1/30/2016 3:51:43 AM,Dark,1/30/2016 3:51:05 AM,1/30/2016 3:51:32 AM,27,0.10,8.75,
224,392,1/30/2016 3:52:02 AM,Dark,1/30/2016 3:51:46 AM,1/30/2016 3:51:52 AM,6,-0.10,8.66,
224,393,1/30/2016 4:00:26 AM,Dark,1/30/2016 3:59:58 AM,1/30/2016 4:00:15 AM,17,-0.03,8.62,
224,394,1/30/2016 4:05:31 AM,Dark,1/30/2016 4:03:39 AM,1/30/2016 4:05:20 AM,101,0.05,8.68,
225,395,1/30/2016 4:20:20 AM,Dark,1/30/2016 4:20:05 AM,1/30/2016 4:20:09 AM,4,0.04,8.72,
225,396,1/30/2016 4:25:21 AM,Dark,1/30/2016 4:24:45 AM,1/30/2016 4:25:11 AM,26,-0.13,8.59,
225,397,1/30/2016 4:26:05 AM,Dark,1/30/2016 4:25:45 AM,1/30/2016 4:25:54 AM,9,0.11,8.69,
225,398,1/30/2016 4:28:41 AM,Dark,1/30/2016 4:28:26 AM,1/30/2016 4:28:30 AM,4,0.04,8.73,
225,399,1/30/2016 4:30:11 AM,Dark,1/30/2016 4:29:02 AM,1/30/2016 4:30:00 AM,58,-0.04,8.70,
226,400,1/30/2016 4:36:19 AM,Dark,1/30/2016 4:36:01 AM,1/30/2016 4:36:09 AM,8,0.04,8.73,
226,401,1/30/2016 4:39:18 AM,Dark,1/30/2016 4:38:56 AM,1/30/2016 4:39:07 AM,11,-0.05,8.68,
226,402,1/30/2016 4:42:19 AM,Dark,1/30/2016 4:41:57 AM,1/30/2016 4:42:09 AM,12,0.05,8.73,
226,403,1/30/2016 4:43:05 AM,Dark,1/30/2016 4:42:33 AM,1/30/2016 4:42:54 AM,21,0.07,8.81,
226,404,1/30/2016 4:43:56 AM,Dark,1/30/2016 4:43:26 AM,1/30/2016 4:43:45 AM,19,-0.08,8.73,
226,405,1/30/2016 4:47:55 AM,Dark,1/30/2016 4:47:26 AM,1/30/2016 4:47:45 AM,19,-0.05,8.67,
226,406,1/30/2016 4:52:45 AM,Dark,1/30/2016 4:49:23 AM,1/30/2016 4:52:34 AM,191,0.12,8.79,
227,407,1/30/2016 5:11:25 AM,Dark,1/30/2016 5:10:02 AM,1/30/2016 5:11:15 AM,73,-0.08,8.71,
227,408,1/30/2016 5:12:22 AM,Dark,1/30/2016 5:11:54 AM,1/30/2016 5:12:12 AM,18,0.07,8.78,
231,409,1/30/2016 6:47:32 AM,Dark,1/30/2016 6:46:51 AM,1/30/2016 6:47:22 AM,31,0.03,8.81,
233,410,1/30/2016 7:21:24 AM,Light,1/30/2016 7:21:01 AM,1/30/2016 7:21:13 AM,12,0.05,8.86,
233,411,1/30/2016 7:22:01 AM,Light,1/30/2016 7:21:42 AM,1/30/2016 7:21:50 AM,8,-0.04,8.82,
234,412,1/30/2016 7:33:30 AM,Light,1/30/2016 7:32:46 AM,1/30/2016 7:33:20 AM,34,0.04,8.85,
234,413,1/30/2016 7:34:09 AM,Light,1/30/2016 7:33:54 AM,1/30/2016 7:33:59 AM,5,-0.04,8.81,
239,414,1/30/2016 9:28:08 AM,Light,1/30/2016 9:27:53 AM,1/30/2016 9:27:57 AM,4,0.05,8.86,
239,415,1/30/2016 9:45:38 AM,Light,1/30/2016 9:45:22 AM,1/30/2016 9:45:28 AM,6,-0.03,8.83,
249,416,1/30/2016 1:15:54 PM,Light,1/30/2016 1:14:14 PM,1/30/2016 1:15:43 PM,89,0.07,8.90,
249,417,1/30/2016 1:16:25 PM,Light,1/30/2016 1:15:56 PM,1/30/2016 1:16:14 PM,18,-0.04,8.86,
250,418,1/30/2016 1:47:53 PM,Light,1/30/2016 1:47:35 PM,1/30/2016 1:47:42 PM,7,-0.16,8.70,
250,419,1/30/2016 1:50:43 PM,Light,1/30/2016 1:50:27 PM,1/30/2016 1:50:32 PM,5,0.16,8.86,
256,420,1/30/2016 4:02:40 PM,Light,1/30/2016 4:02:06 PM,1/30/2016 4:02:29 PM,23,0.05,8.91,
256,421,1/30/2016 4:05:30 PM,Light,1/30/2016 4:05:07 PM,1/30/2016 4:05:19 PM,12,-0.05,8.86,
257,422,1/30/2016 4:23:47 PM,Light,1/30/2016 4:22:59 PM,1/30/2016 4:23:37 PM,38,0.05,8.91,
257,423,1/30/2016 4:25:27 PM,Light,1/30/2016 4:24:58 PM,1/30/2016 4:25:16 PM,18,-0.08,8.83,
258,424,1/30/2016 4:34:00 PM,Light,1/30/2016 4:33:16 PM,1/30/2016 4:33:49 PM,33,0.04,8.87,
260,425,1/30/2016 5:31:52 PM,Light,1/30/2016 5:30:55 PM,1/30/2016 5:31:42 PM,47,-0.12,8.76,
260,426,1/30/2016 5:34:38 PM,Light,1/30/2016 5:34:20 PM,1/30/2016 5:34:28 PM,8,0.12,8.88,
262,427,1/30/2016 5:58:57 PM,Light,1/30/2016 5:58:37 PM,1/30/2016 5:58:46 PM,9,0.03,8.91,
262,428,1/30/2016 5:59:21 PM,Light,1/30/2016 5:59:04 PM,1/30/2016 5:59:10 PM,6,-0.06,8.85,
262,429,1/30/2016 6:03:30 PM,Light,1/30/2016 6:02:00 PM,1/30/2016 6:03:20 PM,80,-0.06,8.79,
262,430,1/30/2016 6:04:33 PM,Light,1/30/2016 6:03:41 PM,1/30/2016 6:04:22 PM,41,0.06,8.85,
262,431,1/30/2016 6:12:37 PM,Light,1/30/2016 6:11:37 PM,1/30/2016 6:12:26 PM,49,0.03,8.88,
263,432,1/30/2016 6:26:05 PM,Light,1/30/2016 6:25:44 PM,1/30/2016 6:25:55 PM,11,-0.04,8.84,
263,433,1/30/2016 6:30:49 PM,Light,1/30/2016 6:30:31 PM,1/30/2016 6:30:38 PM,7,0.04,8.88,
263,434,1/30/2016 6:31:05 PM,Light,1/30/2016 6:30:49 PM,1/30/2016 6:30:54 PM,5,-0.04,8.84,
264,435,1/30/2016 6:45:40 PM,Dark,1/30/2016 6:45:14 PM,1/30/2016 6:45:29 PM,15,0.03,8.88,
264,436,1/30/2016 6:51:02 PM,Dark,1/30/2016 6:48:11 PM,1/30/2016 6:50:51 PM,160,-0.03,8.84,
264,437,1/30/2016 6:52:38 PM,Dark,1/30/2016 6:52:09 PM,1/30/2016 6:52:27 PM,18,0.03,8.88,
266,438,1/30/2016 7:27:37 PM,Dark,1/30/2016 7:27:06 PM,1/30/2016 7:27:27 PM,21,-0.04,8.84,
266,439,1/30/2016 7:33:06 PM,Dark,1/30/2016 7:29:59 PM,1/30/2016 7:32:55 PM,176,0.04,8.88,
267,440,1/30/2016 7:50:45 PM,Dark,1/30/2016 7:50:30 PM,1/30/2016 7:50:34 PM,4,0.03,8.91,
267,441,1/30/2016 7:56:16 PM,Dark,1/30/2016 7:55:58 PM,1/30/2016 7:56:06 PM,8,-0.10,8.81,
267,442,1/30/2016 7:58:54 PM,Dark,1/30/2016 7:57:51 PM,1/30/2016 7:58:44 PM,53,0.04,8.86,
267,443,1/30/2016 8:09:39 PM,Dark,1/30/2016 8:09:22 PM,1/30/2016 8:09:28 PM,6,0.05,8.90,
268,444,1/30/2016 8:24:41 PM,Dark,1/30/2016 8:24:01 PM,1/30/2016 8:24:29 PM,28,-0.09,8.81,
268,445,1/30/2016 8:25:12 PM,Dark,1/30/2016 8:24:52 PM,1/30/2016 8:25:01 PM,9,0.08,8.89,
269,446,1/30/2016 8:38:26 PM,Dark,1/30/2016 8:37:52 PM,1/30/2016 8:38:16 PM,24,0.05,8.94,
269,447,1/30/2016 8:39:43 PM,Dark,1/30/2016 8:38:40 PM,1/30/2016 8:39:33 PM,53,-0.04,8.90,
269,448,1/30/2016 8:45:19 PM,Dark,1/30/2016 8:44:48 PM,1/30/2016 8:45:08 PM,20,0.06,8.96,
269,449,1/30/2016 8:48:10 PM,Dark,1/30/2016 8:47:46 PM,1/30/2016 8:47:59 PM,13,-0.09,8.88,
271,450,1/30/2016 9:21:13 PM,Dark,1/30/2016 9:20:41 PM,1/30/2016 9:21:03 PM,22,0.03,8.91,
271,451,1/30/2016 9:22:10 PM,Dark,1/30/2016 9:21:55 PM,1/30/2016 9:22:00 PM,5,-0.11,8.80,
271,452,1/30/2016 9:23:52 PM,Dark,1/30/2016 9:23:37 PM,1/30/2016 9:23:42 PM,5,0.09,8.89,
271,453,1/30/2016 9:31:34 PM,Dark,1/30/2016 9:31:01 PM,1/30/2016 9:31:23 PM,22,0.10,8.99,
271,454,1/30/2016 9:33:10 PM,Dark,1/30/2016 9:32:52 PM,1/30/2016 9:32:59 PM,7,-0.18,8.80,
271,455,1/30/2016 9:35:40 PM,Dark,1/30/2016 9:34:58 PM,1/30/2016 9:35:29 PM,31,0.13,8.93,
271,456,1/30/2016 9:39:45 PM,Dark,1/30/2016 9:38:36 PM,1/30/2016 9:39:35 PM,59,0.04,8.97,
272,457,1/30/2016 9:46:08 PM,Dark,1/30/2016 9:43:00 PM,1/30/2016 9:45:58 PM,178,-0.09,8.88,
272,458,1/30/2016 9:46:48 PM,Dark,1/30/2016 9:46:30 PM,1/30/2016 9:46:38 PM,8,0.03,8.91,
272,459,1/30/2016 9:50:22 PM,Dark,1/30/2016 9:49:51 PM,1/30/2016 9:50:12 PM,21,0.06,8.98,
272,460,1/30/2016 9:52:26 PM,Dark,1/30/2016 9:51:38 PM,1/30/2016 9:52:15 PM,37,-0.06,8.91,
272,461,1/30/2016 10:03:02 PM,Dark,1/30/2016 9:57:31 PM,1/30/2016 10:02:52 PM,321,0.06,8.97,
273,462,1/30/2016 10:05:00 PM,Dark,1/30/2016 10:04:14 PM,1/30/2016 10:04:50 PM,36,-0.03,8.94,
273,463,1/30/2016 10:12:44 PM,Dark,1/30/2016 10:12:18 PM,1/30/2016 10:12:33 PM,15,0.03,8.97,
273,464,1/30/2016 10:19:30 PM,Dark,1/30/2016 10:18:12 PM,1/30/2016 10:19:20 PM,68,-0.06,8.91,
273,465,1/30/2016 10:20:34 PM,Dark,1/30/2016 10:20:08 PM,1/30/2016 10:20:24 PM,16,0.05,8.96,
273,466,1/30/2016 10:22:41 PM,Dark,1/30/2016 10:22:22 PM,1/30/2016 10:22:30 PM,8,0.03,8.99,
274,467,1/30/2016 10:42:17 PM,Dark,1/30/2016 10:41:42 PM,1/30/2016 10:42:06 PM,24,-0.24,8.75,
274,468,1/30/2016 10:43:27 PM,Dark,1/30/2016 10:43:11 PM,1/30/2016 10:43:17 PM,6,0.20,8.95,
275,469,1/30/2016 10:54:16 PM,Dark,1/30/2016 10:53:30 PM,1/30/2016 10:54:06 PM,36,0.04,8.99,
275,470,1/30/2016 10:57:22 PM,Dark,1/30/2016 10:54:17 PM,1/30/2016 10:57:12 PM,175,0.18,9.17,
275,471,1/30/2016 10:58:24 PM,Dark,1/30/2016 10:57:22 PM,1/30/2016 10:58:14 PM,52,-0.19,8.98,
275,472,1/30/2016 10:58:49 PM,Dark,1/30/2016 10:58:33 PM,1/30/2016 10:58:38 PM,5,-0.05,8.93,
275,473,1/30/2016 11:00:58 PM,Dark,1/30/2016 11:00:38 PM,1/30/2016 11:00:48 PM,10,0.11,9.05,
275,474,1/30/2016 11:03:32 PM,Dark,1/30/2016 11:02:07 PM,1/30/2016 11:03:21 PM,74,-0.03,9.01,
275,475,1/30/2016 11:08:19 PM,Dark,1/30/2016 11:07:46 PM,1/30/2016 11:08:08 PM,22,-0.03,8.98,
276,476,1/30/2016 11:17:18 PM,Dark,1/30/2016 11:16:56 PM,1/30/2016 11:17:07 PM,11,0.13,9.11,
276,477,1/30/2016 11:22:35 PM,Dark,1/30/2016 11:20:57 PM,1/30/2016 11:22:25 PM,88,-0.12,8.98,
276,478,1/30/2016 11:26:39 PM,Dark,1/30/2016 11:23:20 PM,1/30/2016 11:26:28 PM,188,-0.05,8.93,
276,479,1/30/2016 11:27:49 PM,Dark,1/30/2016 11:26:55 PM,1/30/2016 11:27:38 PM,43,0.05,8.99,
277,480,1/30/2016 11:34:23 PM,Dark,1/30/2016 11:33:21 PM,1/30/2016 11:34:12 PM,51,-0.06,8.92,
277,481,1/30/2016 11:37:30 PM,Dark,1/30/2016 11:37:08 PM,1/30/2016 11:37:19 PM,11,0.09,9.01,
277,482,1/30/2016 11:46:01 PM,Dark,1/30/2016 11:42:37 PM,1/30/2016 11:45:51 PM,194,-0.05,8.96,
277,483,1/30/2016 11:46:56 PM,Dark,1/30/2016 11:46:11 PM,1/30/2016 11:46:45 PM,34,0.04,9.00,
278,484,1/30/2016 11:56:51 PM,Dark,1/30/2016 11:56:29 PM,1/30/2016 11:56:39 PM,10,0.04,9.04,
278,485,1/30/2016 11:59:22 PM,Dark,1/30/2016 11:57:01 PM,1/30/2016 11:59:12 PM,131,-0.04,9.01,
278,486,1/31/2016 12:00:15 AM,Dark,1/31/2016 11:59:53 PM,1/31/2016 12:00:04 AM,11,0.06,9.07,
278,487,1/31/2016 12:05:15 AM,Dark,1/31/2016 12:04:41 AM,1/31/2016 12:05:05 AM,24,-0.05,9.02,
278,488,1/31/2016 12:08:43 AM,Dark,1/31/2016 12:08:13 AM,1/31/2016 12:08:32 AM,19,0.07,9.10,
278,489,1/31/2016 12:09:49 AM,Dark,1/31/2016 12:09:33 AM,1/31/2016 12:09:38 AM,5,-0.05,9.04,
278,490,1/31/2016 12:15:09 AM,Dark,1/31/2016 12:14:54 AM,1/31/2016 12:14:58 AM,4,-0.04,9.01,
279,491,1/31/2016 12:18:00 AM,Dark,1/31/2016 12:17:35 AM,1/31/2016 12:17:49 AM,14,0.06,9.07,
279,492,1/31/2016 12:22:03 AM,Dark,1/31/2016 12:21:46 AM,1/31/2016 12:21:52 AM,6,-0.04,9.03,
279,493,1/31/2016 12:29:17 AM,Dark,1/31/2016 12:28:58 AM,1/31/2016 12:29:06 AM,8,0.03,9.06,
279,494,1/31/2016 12:30:56 AM,Dark,1/31/2016 12:30:31 AM,1/31/2016 12:30:46 AM,15,-0.04,9.02,
279,495,1/31/2016 12:33:46 AM,Dark,1/31/2016 12:33:29 AM,1/31/2016 12:33:35 AM,6,0.06,9.09,
279,496,1/31/2016 12:35:05 AM,Dark,1/31/2016 12:34:47 AM,1/31/2016 12:34:54 AM,7,-0.05,9.03,
280,497,1/31/2016 12:42:42 AM,Dark,1/31/2016 12:42:23 AM,1/31/2016 12:42:31 AM,8,-0.04,8.99,
280,498,1/31/2016 12:43:35 AM,Dark,1/31/2016 12:43:13 AM,1/31/2016 12:43:24 AM,11,0.03,9.02,
280,499,1/31/2016 12:47:47 AM,Dark,1/31/2016 12:46:24 AM,1/31/2016 12:47:37 AM,73,0.04,9.06,
280,500,1/31/2016 12:58:03 AM,Dark,1/31/2016 12:57:43 AM,1/31/2016 12:57:52 AM,9,0.04,9.10,
280,501,1/31/2016 12:58:23 AM,Dark,1/31/2016 12:58:03 AM,1/31/2016 12:58:12 AM,9,-0.04,9.05,
280,502,1/31/2016 1:02:09 AM,Dark,1/31/2016 12:59:50 AM,1/31/2016 1:01:59 AM,129,0.03,9.09,
281,503,1/31/2016 1:03:25 AM,Dark,1/31/2016 1:02:13 AM,1/31/2016 1:03:15 AM,62,-0.03,9.05,
281,504,1/31/2016 1:10:33 AM,Dark,1/31/2016 1:10:11 AM,1/31/2016 1:10:21 AM,10,0.04,9.09,
281,505,1/31/2016 1:12:04 AM,Dark,1/31/2016 1:11:04 AM,1/31/2016 1:11:54 AM,50,-0.03,9.06,
281,506,1/31/2016 1:14:16 AM,Dark,1/31/2016 1:13:49 AM,1/31/2016 1:14:06 AM,17,0.10,9.16,
281,507,1/31/2016 1:21:07 AM,Dark,1/31/2016 1:18:36 AM,1/31/2016 1:20:57 AM,141,-0.07,9.09,
282,508,1/31/2016 1:31:53 AM,Dark,1/31/2016 1:31:38 AM,1/31/2016 1:31:42 AM,4,0.05,9.14,
282,509,1/31/2016 1:32:42 AM,Dark,1/31/2016 1:32:10 AM,1/31/2016 1:32:32 AM,22,-0.05,9.09,
283,510,1/31/2016 2:07:37 AM,Dark,1/31/2016 2:07:00 AM,1/31/2016 2:07:27 AM,27,-0.16,8.93,
283,511,1/31/2016 2:07:56 AM,Dark,1/31/2016 2:07:38 AM,1/31/2016 2:07:45 AM,7,0.17,9.10,
284,512,1/31/2016 2:23:45 AM,Dark,1/31/2016 2:23:24 AM,1/31/2016 2:23:35 AM,11,0.04,9.13,
285,513,1/31/2016 2:32:42 AM,Dark,1/31/2016 2:30:12 AM,1/31/2016 2:32:31 AM,139,-0.03,9.10,
285,514,1/31/2016 2:47:06 AM,Dark,1/31/2016 2:46:52 AM,1/31/2016 2:46:56 AM,4,0.07,9.17,
285,515,1/31/2016 2:49:04 AM,Dark,1/31/2016 2:48:41 AM,1/31/2016 2:48:53 AM,12,-0.04,9.13,
286,516,1/31/2016 2:54:43 AM,Dark,1/31/2016 2:54:19 AM,1/31/2016 2:54:32 AM,13,-0.08,9.05,
286,517,1/31/2016 2:55:35 AM,Dark,1/31/2016 2:55:07 AM,1/31/2016 2:55:24 AM,17,0.07,9.12,
286,518,1/31/2016 2:58:00 AM,Dark,1/31/2016 2:57:27 AM,1/31/2016 2:57:49 AM,22,-0.09,9.03,
286,519,1/31/2016 2:58:28 AM,Dark,1/31/2016 2:58:11 AM,1/31/2016 2:58:18 AM,7,0.08,9.11,
287,520,1/31/2016 3:27:03 AM,Dark,1/31/2016 3:26:27 AM,1/31/2016 3:26:52 AM,25,0.04,9.15,
288,521,1/31/2016 3:45:09 AM,Dark,1/31/2016 3:44:52 AM,1/31/2016 3:44:59 AM,7,0.04,9.19,
288,522,1/31/2016 3:46:00 AM,Dark,1/31/2016 3:45:40 AM,1/31/2016 3:45:50 AM,10,-0.04,9.14,
288,523,1/31/2016 3:56:56 AM,Dark,1/31/2016 3:54:14 AM,1/31/2016 3:56:45 AM,151,0.05,9.20,
288,524,1/31/2016 4:00:18 AM,Dark,1/31/2016 3:59:50 AM,1/31/2016 4:00:07 AM,17,-0.06,9.13,
289,525,1/31/2016 4:00:54 AM,Dark,1/31/2016 4:00:23 AM,1/31/2016 4:00:44 AM,21,0.03,9.16,
292,526,1/31/2016 5:15:10 AM,Dark,1/31/2016 5:14:51 AM,1/31/2016 5:14:59 AM,8,0.03,9.19,
292,527,1/31/2016 5:15:33 AM,Dark,1/31/2016 5:15:12 AM,1/31/2016 5:15:22 AM,10,0.07,9.27,
292,528,1/31/2016 5:19:39 AM,Dark,1/31/2016 5:19:19 AM,1/31/2016 5:19:29 AM,10,-0.06,9.21,
295,529,1/31/2016 6:32:09 AM,Dark,1/31/2016 6:31:53 AM,1/31/2016 6:31:59 AM,6,0.04,9.25,
297,530,1/31/2016 7:06:12 AM,Light,1/31/2016 7:05:36 AM,1/31/2016 7:06:01 AM,25,-0.03,9.22,
297,531,1/31/2016 7:07:19 AM,Light,1/31/2016 7:06:57 AM,1/31/2016 7:07:09 AM,12,-0.05,9.17,
297,532,1/31/2016 7:08:48 AM,Light,1/31/2016 7:08:24 AM,1/31/2016 7:08:37 AM,13,0.09,9.26,
297,533,1/31/2016 7:09:55 AM,Light,1/31/2016 7:09:40 AM,1/31/2016 7:09:44 AM,4,-0.07,9.19,
297,534,1/31/2016 7:11:05 AM,Light,1/31/2016 7:10:46 AM,1/31/2016 7:10:54 AM,8,0.03,9.22,
297,535,1/31/2016 7:20:40 AM,Light,1/31/2016 7:20:18 AM,1/31/2016 7:20:29 AM,11,0.05,9.27,
298,536,1/31/2016 7:24:31 AM,Light,1/31/2016 7:24:15 AM,1/31/2016 7:24:20 AM,5,-0.05,9.22,
302,537,1/31/2016 9:05:11 AM,Light,1/31/2016 9:04:47 AM,1/31/2016 9:05:00 AM,13,0.05,9.27,
303,538,1/31/2016 9:30:59 AM,Light,1/31/2016 9:29:11 AM,1/31/2016 9:30:48 AM,97,-0.03,9.24,
304,539,1/31/2016 9:38:47 AM,Light,1/31/2016 9:38:23 AM,1/31/2016 9:38:37 AM,14,0.04,9.28,
304,540,1/31/2016 9:41:44 AM,Light,1/31/2016 9:41:17 AM,1/31/2016 9:41:33 AM,16,-0.03,9.25,
304,541,1/31/2016 9:42:18 AM,Light,1/31/2016 9:41:54 AM,1/31/2016 9:42:08 AM,14,0.04,9.28,
304,542,1/31/2016 9:51:31 AM,Light,1/31/2016 9:51:02 AM,1/31/2016 9:51:20 AM,18,0.06,9.34,
304,543,1/31/2016 9:53:16 AM,Light,1/31/2016 9:52:30 AM,1/31/2016 9:53:05 AM,35,-0.08,9.26,
305,544,1/31/2016 10:06:47 AM,Light,1/31/2016 10:06:32 AM,1/31/2016 10:06:37 AM,5,0.04,9.30,
305,545,1/31/2016 10:15:54 AM,Light,1/31/2016 10:15:39 AM,1/31/2016 10:15:43 AM,4,-0.03,9.27,
310,546,1/31/2016 11:59:40 AM,Light,1/31/2016 11:59:19 AM,1/31/2016 11:59:29 AM,10,0.05,9.32,
310,547,1/31/2016 12:09:06 PM,Light,1/31/2016 12:08:50 PM,1/31/2016 12:08:56 PM,6,-0.06,9.26,
315,548,1/31/2016 1:59:01 PM,Light,1/31/2016 1:56:38 PM,1/31/2016 1:58:50 PM,132,0.03,9.29,
316,549,1/31/2016 2:14:38 PM,Light,1/31/2016 2:14:04 PM,1/31/2016 2:14:28 PM,24,-0.04,9.25,
316,550,1/31/2016 2:15:12 PM,Light,1/31/2016 2:14:41 PM,1/31/2016 2:15:01 PM,20,0.05,9.30,
316,551,1/31/2016 2:25:20 PM,Light,1/31/2016 2:24:56 PM,1/31/2016 2:25:09 PM,13,-0.05,9.25,
317,552,1/31/2016 2:26:59 PM,Light,1/31/2016 2:26:38 PM,1/31/2016 2:26:48 PM,10,0.08,9.33,
321,553,1/31/2016 4:04:01 PM,Light,1/31/2016 4:03:38 PM,1/31/2016 4:03:50 PM,12,-0.04,9.29,
322,554,1/31/2016 4:19:28 PM,Light,1/31/2016 4:19:12 PM,1/31/2016 4:19:18 PM,6,-0.03,9.26,
322,555,1/31/2016 4:25:13 PM,Light,1/31/2016 4:24:52 PM,1/31/2016 4:25:03 PM,11,0.03,9.29,
325,556,1/31/2016 5:32:05 PM,Light,1/31/2016 5:30:07 PM,1/31/2016 5:31:54 PM,107,0.04,9.33,
325,557,1/31/2016 5:41:38 PM,Light,1/31/2016 5:40:22 PM,1/31/2016 5:41:28 PM,66,0.09,9.42,
325,558,1/31/2016 5:43:11 PM,Light,1/31/2016 5:42:48 PM,1/31/2016 5:43:01 PM,13,-0.11,9.31,
325,559,1/31/2016 5:43:54 PM,Light,1/31/2016 5:43:26 PM,1/31/2016 5:43:43 PM,17,0.10,9.40,
325,560,1/31/2016 5:45:55 PM,Light,1/31/2016 5:45:30 PM,1/31/2016 5:45:44 PM,14,-0.07,9.33,
326,561,1/31/2016 5:55:09 PM,Light,1/31/2016 5:54:22 PM,1/31/2016 5:54:58 PM,36,-0.03,9.30,
327,562,1/31/2016 6:19:40 PM,Light,1/31/2016 6:19:19 PM,1/31/2016 6:19:29 PM,10,-0.03,9.27,
327,563,1/31/2016 6:20:11 PM,Light,1/31/2016 6:19:56 PM,1/31/2016 6:20:00 PM,4,0.06,9.33,
327,564,1/31/2016 6:23:41 PM,Light,1/31/2016 6:21:49 PM,1/31/2016 6:23:30 PM,101,-0.03,9.29,
327,565,1/31/2016 6:26:11 PM,Light,1/31/2016 6:25:50 PM,1/31/2016 6:26:00 PM,10,0.20,9.50,
327,566,1/31/2016 6:26:44 PM,Light,1/31/2016 6:26:26 PM,1/31/2016 6:26:34 PM,8,-0.20,9.30,
328,567,1/31/2016 6:34:46 PM,Light,1/31/2016 6:34:13 PM,1/31/2016 6:34:35 PM,22,0.03,9.34,
328,568,1/31/2016 6:38:56 PM,Light,1/31/2016 6:38:36 PM,1/31/2016 6:38:45 PM,9,-0.03,9.30,
328,569,1/31/2016 6:41:12 PM,Light,1/31/2016 6:40:45 PM,1/31/2016 6:41:02 PM,17,0.07,9.37,
328,570,1/31/2016 6:46:22 PM,Light,1/31/2016 6:45:42 PM,1/31/2016 6:46:12 PM,30,-0.10,9.27,
328,571,1/31/2016 6:47:25 PM,Light,1/31/2016 6:46:50 PM,1/31/2016 6:47:14 PM,24,0.03,9.31,
329,572,1/31/2016 7:09:49 PM,Dark,1/31/2016 7:09:30 PM,1/31/2016 7:09:38 PM,8,0.03,9.34,
330,573,1/31/2016 7:17:51 PM,Dark,1/31/2016 7:17:33 PM,1/31/2016 7:17:40 PM,7,-0.06,9.28,
331,574,1/31/2016 7:59:50 PM,Dark,1/31/2016 7:59:35 PM,1/31/2016 7:59:40 PM,5,0.04,9.32,
332,575,1/31/2016 8:06:21 PM,Dark,1/31/2016 8:03:41 PM,1/31/2016 8:06:10 PM,149,0.06,9.39,
332,576,1/31/2016 8:09:08 PM,Dark,1/31/2016 8:08:51 PM,1/31/2016 8:08:57 PM,6,-0.05,9.33,
332,577,1/31/2016 8:12:17 PM,Dark,1/31/2016 8:11:54 PM,1/31/2016 8:12:06 PM,12,-0.04,9.29,
332,578,1/31/2016 8:12:37 PM,Dark,1/31/2016 8:12:23 PM,1/31/2016 8:12:26 PM,3,0.08,9.38,
332,579,1/31/2016 8:13:55 PM,Dark,1/31/2016 8:13:39 PM,1/31/2016 8:13:45 PM,6,-0.04,9.33,
332,580,1/31/2016 8:16:56 PM,Dark,1/31/2016 8:16:39 PM,1/31/2016 8:16:45 PM,6,-0.05,9.28,
332,581,1/31/2016 8:19:55 PM,Dark,1/31/2016 8:17:46 PM,1/31/2016 8:19:45 PM,119,0.05,9.34,
333,582,1/31/2016 8:27:17 PM,Dark,1/31/2016 8:26:35 PM,1/31/2016 8:27:06 PM,31,-0.04,9.29,
333,583,1/31/2016 8:28:29 PM,Dark,1/31/2016 8:27:39 PM,1/31/2016 8:28:19 PM,40,0.05,9.34,
333,584,1/31/2016 8:39:10 PM,Dark,1/31/2016 8:38:52 PM,1/31/2016 8:39:00 PM,8,-0.04,9.30,
333,585,1/31/2016 8:42:14 PM,Dark,1/31/2016 8:41:38 PM,1/31/2016 8:42:03 PM,25,0.06,9.36,
333,586,1/31/2016 8:42:31 PM,Dark,1/31/2016 8:42:15 PM,1/31/2016 8:42:20 PM,5,-0.03,9.33,
333,587,1/31/2016 8:44:21 PM,Dark,1/31/2016 8:43:57 PM,1/31/2016 8:44:10 PM,13,0.06,9.39,
333,588,1/31/2016 8:45:16 PM,Dark,1/31/2016 8:44:59 PM,1/31/2016 8:45:05 PM,6,-0.05,9.33,
334,589,1/31/2016 8:54:16 PM,Dark,1/31/2016 8:53:47 PM,1/31/2016 8:54:05 PM,18,0.07,9.40,
334,590,1/31/2016 8:55:11 PM,Dark,1/31/2016 8:54:50 PM,1/31/2016 8:55:01 PM,11,-0.08,9.32,
334,591,1/31/2016 9:05:50 PM,Dark,1/31/2016 9:05:29 PM,1/31/2016 9:05:40 PM,11,0.10,9.42,
334,592,1/31/2016 9:06:43 PM,Dark,1/31/2016 9:06:22 PM,1/31/2016 9:06:33 PM,11,-0.10,9.32,
335,593,1/31/2016 9:11:12 PM,Dark,1/31/2016 9:10:47 PM,1/31/2016 9:11:02 PM,15,0.05,9.37,
335,594,1/31/2016 9:14:16 PM,Dark,1/31/2016 9:13:45 PM,1/31/2016 9:14:05 PM,20,-0.07,9.30,
335,595,1/31/2016 9:18:28 PM,Dark,1/31/2016 9:15:24 PM,1/31/2016 9:18:18 PM,174,0.03,9.33,
335,596,1/31/2016 9:20:04 PM,Dark,1/31/2016 9:19:45 PM,1/31/2016 9:19:53 PM,8,-0.05,9.29,
335,597,1/31/2016 9:26:31 PM,Dark,1/31/2016 9:26:14 PM,1/31/2016 9:26:20 PM,6,0.09,9.38,
335,598,1/31/2016 9:27:21 PM,Dark,1/31/2016 9:26:47 PM,1/31/2016 9:27:11 PM,24,-0.06,9.32,
335,599,1/31/2016 9:28:39 PM,Dark,1/31/2016 9:28:22 PM,1/31/2016 9:28:29 PM,7,0.03,9.35,
336,600,1/31/2016 9:44:16 PM,Dark,1/31/2016 9:43:06 PM,1/31/2016 9:44:06 PM,60,0.04,9.39,
336,601,1/31/2016 9:49:15 PM,Dark,1/31/2016 9:49:00 PM,1/31/2016 9:49:04 PM,4,0.04,9.43,
336,602,1/31/2016 9:50:07 PM,Dark,1/31/2016 9:49:46 PM,1/31/2016 9:49:57 PM,11,-0.09,9.34,
336,603,1/31/2016 9:51:26 PM,Dark,1/31/2016 9:50:59 PM,1/31/2016 9:51:15 PM,16,0.04,9.38,
337,604,1/31/2016 10:06:48 PM,Dark,1/31/2016 10:06:01 PM,1/31/2016 10:06:38 PM,37,-0.04,9.35,
337,605,1/31/2016 10:08:25 PM,Dark,1/31/2016 10:08:03 PM,1/31/2016 10:08:15 PM,12,0.04,9.39,
337,606,1/31/2016 10:11:20 PM,Dark,1/31/2016 10:10:56 PM,1/31/2016 10:11:10 PM,14,0.06,9.45,
337,607,1/31/2016 10:13:13 PM,Dark,1/31/2016 10:12:59 PM,1/31/2016 10:13:02 PM,3,-0.06,9.39,
338,608,1/31/2016 10:15:32 PM,Dark,1/31/2016 10:15:17 PM,1/31/2016 10:15:22 PM,5,-0.04,9.35,
338,609,1/31/2016 10:19:12 PM,Dark,1/31/2016 10:18:51 PM,1/31/2016 10:19:01 PM,10,0.04,9.39,
338,610,1/31/2016 10:21:00 PM,Dark,1/31/2016 10:20:44 PM,1/31/2016 10:20:49 PM,5,0.03,9.42,
338,611,1/31/2016 10:26:16 PM,Dark,1/31/2016 10:25:51 PM,1/31/2016 10:26:05 PM,14,-0.10,9.32,
338,612,1/31/2016 10:28:15 PM,Dark,1/31/2016 10:27:30 PM,1/31/2016 10:28:04 PM,34,0.08,9.40,
338,613,1/31/2016 10:30:38 PM,Dark,1/31/2016 10:30:24 PM,1/31/2016 10:30:28 PM,4,0.04,9.44,
338,614,1/31/2016 10:34:51 PM,Dark,1/31/2016 10:34:11 PM,1/31/2016 10:34:40 PM,29,-0.04,9.39,
338,615,1/31/2016 10:36:27 PM,Dark,1/31/2016 10:36:06 PM,1/31/2016 10:36:17 PM,11,0.06,9.45,
339,616,1/31/2016 10:39:13 PM,Dark,1/31/2016 10:38:49 PM,1/31/2016 10:39:02 PM,13,-0.10,9.35,
339,617,1/31/2016 10:42:38 PM,Dark,1/31/2016 10:40:58 PM,1/31/2016 10:42:27 PM,89,0.06,9.41,
340,618,1/31/2016 10:59:48 PM,Dark,1/31/2016 10:58:32 PM,1/31/2016 10:59:37 PM,65,0.07,9.48,
340,619,1/31/2016 11:00:35 PM,Dark,1/31/2016 11:00:01 PM,1/31/2016 11:00:25 PM,24,-0.04,9.44,
340,620,1/31/2016 11:16:43 PM,Dark,1/31/2016 11:14:44 PM,1/31/2016 11:16:32 PM,108,0.04,9.48,
341,621,1/31/2016 11:31:37 PM,Dark,1/31/2016 11:31:21 PM,1/31/2016 11:31:27 PM,6,-0.05,9.43,
341,622,1/31/2016 11:36:30 PM,Dark,1/31/2016 11:36:13 PM,1/31/2016 11:36:19 PM,6,0.04,9.47,
341,623,1/31/2016 11:42:11 PM,Dark,1/31/2016 11:41:50 PM,1/31/2016 11:42:00 PM,10,-0.07,9.40,
341,624,1/31/2016 11:42:32 PM,Dark,1/31/2016 11:42:14 PM,1/31/2016 11:42:22 PM,8,0.05,9.46,
342,625,1/31/2016 11:47:10 PM,Dark,1/31/2016 11:45:39 PM,1/31/2016 11:46:59 PM,80,0.09,9.55,
342,626,1/31/2016 11:59:37 PM,Dark,1/31/2016 11:58:59 PM,1/31/2016 11:59:26 PM,27,0.03,9.58,
342,627,2/1/2016 12:04:39 AM,Dark,2/1/2016 12:04:10 AM,2/1/2016 12:04:29 AM,19,-0.11,9.47,
343,628,2/1/2016 12:09:12 AM,Dark,2/1/2016 12:07:01 AM,2/1/2016 12:09:02 AM,121,0.03,9.50,
343,629,2/1/2016 12:13:16 AM,Dark,2/1/2016 12:12:29 AM,2/1/2016 12:13:06 AM,37,0.04,9.54,
343,630,2/1/2016 12:15:48 AM,Dark,2/1/2016 12:15:33 AM,2/1/2016 12:15:37 AM,4,-0.04,9.50,
344,631,2/1/2016 12:42:25 AM,Dark,2/1/2016 12:42:09 AM,2/1/2016 12:42:15 AM,6,0.04,9.54,
345,632,2/1/2016 12:54:11 AM,Dark,2/1/2016 12:53:39 AM,2/1/2016 12:54:01 AM,22,-0.03,9.51,
345,633,2/1/2016 1:06:01 AM,Dark,2/1/2016 1:05:41 AM,2/1/2016 1:05:51 AM,10,-0.03,9.48,
345,634,2/1/2016 1:06:25 AM,Dark,2/1/2016 1:06:08 AM,2/1/2016 1:06:14 AM,6,0.04,9.51,
347,635,2/1/2016 1:44:49 AM,Dark,2/1/2016 1:44:30 AM,2/1/2016 1:44:38 AM,8,-0.16,9.36,
347,636,2/1/2016 1:48:38 AM,Dark,2/1/2016 1:47:29 AM,2/1/2016 1:48:27 AM,58,0.17,9.52,
347,637,2/1/2016 1:51:37 AM,Dark,2/1/2016 1:51:19 AM,2/1/2016 1:51:27 AM,8,0.03,9.56,
348,638,2/1/2016 2:11:01 AM,Dark,2/1/2016 2:10:44 AM,2/1/2016 2:10:51 AM,7,-0.04,9.52,
349,639,2/1/2016 2:30:48 AM,Dark,2/1/2016 2:30:26 AM,2/1/2016 2:30:37 AM,11,0.03,9.55,
351,640,2/1/2016 3:06:56 AM,Dark,2/1/2016 3:06:42 AM,2/1/2016 3:06:46 AM,4,-0.06,9.49,
352,641,2/1/2016 3:27:55 AM,Dark,2/1/2016 3:26:36 AM,2/1/2016 3:27:45 AM,69,0.08,9.57,
352,642,2/1/2016 3:38:31 AM,Dark,2/1/2016 3:37:16 AM,2/1/2016 3:38:20 AM,64,0.04,9.61,
352,643,2/1/2016 3:39:17 AM,Dark,2/1/2016 3:38:55 AM,2/1/2016 3:39:07 AM,12,-0.04,9.57,
352,644,2/1/2016 3:39:57 AM,Dark,2/1/2016 3:39:21 AM,2/1/2016 3:39:47 AM,26,0.03,9.60,
353,645,2/1/2016 3:49:52 AM,Dark,2/1/2016 3:49:28 AM,2/1/2016 3:49:41 AM,13,-0.08,9.52,
353,646,2/1/2016 3:51:01 AM,Dark,2/1/2016 3:50:18 AM,2/1/2016 3:50:51 AM,33,0.10,9.62,
353,647,2/1/2016 3:51:35 AM,Dark,2/1/2016 3:51:17 AM,2/1/2016 3:51:25 AM,8,-0.08,9.53,
353,648,2/1/2016 3:52:47 AM,Dark,2/1/2016 3:52:22 AM,2/1/2016 3:52:36 AM,14,0.04,9.58,
353,649,2/1/2016 3:54:06 AM,Dark,2/1/2016 3:53:24 AM,2/1/2016 3:53:56 AM,32,-0.04,9.53,
353,650,2/1/2016 3:54:22 AM,Dark,2/1/2016 3:54:07 AM,2/1/2016 3:54:12 AM,5,0.07,9.60,
354,651,2/1/2016 4:12:38 AM,Dark,2/1/2016 4:12:12 AM,2/1/2016 4:12:28 AM,16,0.03,9.64,
354,652,2/1/2016 4:13:22 AM,Dark,2/1/2016 4:12:55 AM,2/1/2016 4:13:11 AM,16,-0.03,9.60,
354,653,2/1/2016 4:13:50 AM,Dark,2/1/2016 4:13:31 AM,2/1/2016 4:13:39 AM,8,-0.08,9.52,
354,654,2/1/2016 4:15:26 AM,Dark,2/1/2016 4:15:05 AM,2/1/2016 4:15:16 AM,11,0.09,9.61,
354,655,2/1/2016 4:18:12 AM,Dark,2/1/2016 4:15:52 AM,2/1/2016 4:18:02 AM,130,0.04,9.65,
354,656,2/1/2016 4:18:56 AM,Dark,2/1/2016 4:18:19 AM,2/1/2016 4:18:45 AM,26,-0.04,9.60,
354,657,2/1/2016 4:20:43 AM,Dark,2/1/2016 4:19:57 AM,2/1/2016 4:20:33 AM,36,0.07,9.67,
354,658,2/1/2016 4:21:06 AM,Dark,2/1/2016 4:20:46 AM,2/1/2016 4:20:56 AM,10,-0.05,9.62,
354,659,2/1/2016 4:21:23 AM,Dark,2/1/2016 4:21:07 AM,2/1/2016 4:21:13 AM,6,0.04,9.65,
354,660,2/1/2016 4:21:39 AM,Dark,2/1/2016 4:21:25 AM,2/1/2016 4:21:28 AM,3,-0.03,9.62,
354,661,2/1/2016 4:25:34 AM,Dark,2/1/2016 4:25:01 AM,2/1/2016 4:25:24 AM,23,0.04,9.66,
354,662,2/1/2016 4:27:12 AM,Dark,2/1/2016 4:25:44 AM,2/1/2016 4:27:02 AM,78,-0.05,9.62,
354,663,2/1/2016 4:28:00 AM,Dark,2/1/2016 4:27:33 AM,2/1/2016 4:27:49 AM,16,0.04,9.65,
354,664,2/1/2016 4:29:18 AM,Dark,2/1/2016 4:28:41 AM,2/1/2016 4:29:08 AM,27,-0.04,9.61,
355,665,2/1/2016 4:35:37 AM,Dark,2/1/2016 4:35:04 AM,2/1/2016 4:35:27 AM,23,0.08,9.69,
355,666,2/1/2016 4:42:41 AM,Dark,2/1/2016 4:42:13 AM,2/1/2016 4:42:30 AM,17,-0.07,9.62,
355,667,2/1/2016 4:51:13 AM,Dark,2/1/2016 4:49:45 AM,2/1/2016 4:51:02 AM,77,-0.04,9.58,
355,668,2/1/2016 4:52:30 AM,Dark,2/1/2016 4:51:36 AM,2/1/2016 4:52:19 AM,43,0.08,9.66,
355,669,2/1/2016 4:54:25 AM,Dark,2/1/2016 4:54:09 AM,2/1/2016 4:54:14 AM,5,-0.03,9.63,
356,670,2/1/2016 5:00:37 AM,Dark,2/1/2016 5:00:18 AM,2/1/2016 5:00:26 AM,8,0.04,9.67,
356,671,2/1/2016 5:01:02 AM,Dark,2/1/2016 5:00:47 AM,2/1/2016 5:00:52 AM,5,-0.04,9.63,
357,672,2/1/2016 5:21:27 AM,Dark,2/1/2016 5:20:54 AM,2/1/2016 5:21:16 AM,22,0.04,9.67,
357,673,2/1/2016 5:22:18 AM,Dark,2/1/2016 5:21:32 AM,2/1/2016 5:22:08 AM,36,-0.04,9.63,
360,674,2/1/2016 6:31:25 AM,Dark,2/1/2016 6:31:06 AM,2/1/2016 6:31:14 AM,8,0.04,9.67,
360,675,2/1/2016 6:40:22 AM,Dark,2/1/2016 6:40:08 AM,2/1/2016 6:40:12 AM,4,-0.04,9.64,
366,676,2/1/2016 8:48:51 AM,Light,2/1/2016 8:48:25 AM,2/1/2016 8:48:41 AM,16,0.04,9.68,
366,677,2/1/2016 8:53:24 AM,Light,2/1/2016 8:52:59 AM,2/1/2016 8:53:14 AM,15,-0.09,9.59,
366,678,2/1/2016 8:54:45 AM,Light,2/1/2016 8:53:41 AM,2/1/2016 8:54:35 AM,54,0.05,9.64,
366,679,2/1/2016 8:56:24 AM,Light,2/1/2016 8:56:03 AM,2/1/2016 8:56:13 AM,10,0.05,9.69,
367,680,2/1/2016 9:05:26 AM,Light,2/1/2016 9:03:49 AM,2/1/2016 9:05:15 AM,86,0.14,9.83,
367,681,2/1/2016 9:06:09 AM,Light,2/1/2016 9:05:52 AM,2/1/2016 9:05:59 AM,7,-0.12,9.71,
367,682,2/1/2016 9:06:41 AM,Light,2/1/2016 9:06:23 AM,2/1/2016 9:06:31 AM,8,-0.03,9.68,
367,683,2/1/2016 9:14:52 AM,Light,2/1/2016 9:13:42 AM,2/1/2016 9:14:42 AM,60,0.04,9.71,
